"xpix","ypix","ximages","yimages","ypartial"
"128","128","64","32","38"
"images\Abstract Expressionism\Barnett-Newman_0.jpg","images\Abstract Expressionism\Barnett-Newman_1.jpg","images\Abstract Expressionism\Barnett-Newman_2.jpg","images\Abstract Expressionism\Barnett-Newman_3.jpg","images\Abstract Expressionism\Clyfford-Still_0.jpg","images\Abstract Expressionism\Clyfford-Still_1.jpg","images\Abstract Expressionism\Clyfford-Still_2.jpg","images\Abstract Expressionism\Clyfford-Still_3.jpg","images\Abstract Expressionism\Clyfford-Still_4.jpg","images\Abstract Expressionism\Franz-Kline_0.jpg","images\Abstract Expressionism\Franz-Kline_1.jpg","images\Abstract Expressionism\Franz-Kline_3.jpg","images\Abstract Expressionism\Hans-Hofmann_0.jpg","images\Abstract Expressionism\Hans-Hofmann_1.jpg","images\Abstract Expressionism\Hans-Hofmann_3.jpg","images\Abstract Expressionism\Hans-Hofmann_4.jpg","images\Abstract Expressionism\Jackson-Pollock_0.jpg","images\Abstract Expressionism\Jackson-Pollock_1.jpg","images\Abstract Expressionism\Jackson-Pollock_2.jpg","images\Abstract Expressionism\Jackson-Pollock_3.jpg","images\Abstract Expressionism\Jackson-Pollock_4.jpg","images\Abstract Expressionism\Joan-Mitchell_0.jpg","images\Abstract Expressionism\Joan-Mitchell_1.jpg","images\Abstract Expressionism\Joan-Mitchell_2.jpg","images\Abstract Expressionism\Lee-Krasner_0.jpg","images\Abstract Expressionism\Lee-Krasner_1.jpg","images\Abstract Expressionism\Lee-Krasner_2.jpg","images\Abstract Expressionism\Lee-Krasner_3.jpg","images\Abstract Expressionism\Lee-Krasner_4.jpg","images\Abstract Expressionism\Mark-Rothko_1.jpg","images\Abstract Expressionism\Mark-Rothko_3.jpg","images\Abstract Expressionism\Mark-Rothko_4.jpg","images\Abstract Expressionism\Robert-Motherwell_0.jpg","images\Abstract Expressionism\Robert-Motherwell_1.jpg","images\Abstract Expressionism\Robert-Motherwell_3.jpg","images\Abstract Expressionism\Robert-Motherwell_4.jpg","images\Abstract art\Francis-Picabia_0.jpg","images\Abstract art\Francis-Picabia_1.jpg","images\Abstract art\Francis-Picabia_2.jpg","images\Abstract art\Francis-Picabia_3.jpg","images\Abstract art\Francis-Picabia_4.jpg","images\Abstract art\Frantisek-Kupka_0.jpg","images\Abstract art\Frantisek-Kupka_1.jpg","images\Abstract art\Frantisek-Kupka_2.jpg","images\Abstract art\Frantisek-Kupka_3.jpg","images\Abstract art\Leopold-Survage_0.jpg","images\Abstract art\Leopold-Survage_1.jpg","images\Abstract art\Leopold-Survage_2.jpg","images\Abstract art\Leopold-Survage_3.jpg","images\Abstract art\Leopold-Survage_4.jpg","images\Abstract art\Piet-Mondrian_0.jpg","images\Abstract art\Piet-Mondrian_1.jpg","images\Abstract art\Piet-Mondrian_2.jpg","images\Abstract art\Piet-Mondrian_3.jpg","images\Abstract art\Robert-Delaunay_0.jpg","images\Abstract art\Robert-Delaunay_1.jpg","images\Abstract art\Robert-Delaunay_2.jpg","images\Abstract art\Robert-Delaunay_3.jpg","images\Abstract art\Robert-Delaunay_4.jpg","images\Abstract art\Wassily-Kandinsky_0.jpg","images\Abstract art\Wassily-Kandinsky_1.jpg","images\Abstract art\Wassily-Kandinsky_2.jpg","images\Abstract art\Wassily-Kandinsky_3.jpg","images\Abstract art\Wassily-Kandinsky_4.jpg"
"images\Aesthetic Movement\Christopher-Dresser_0.jpg","images\Aesthetic Movement\Christopher-Dresser_2.jpg","images\Aesthetic Movement\Christopher-Dresser_3.jpg","images\Aesthetic Movement\Christopher-Dresser_4.jpg","images\American Abstract Artists\Ad-Reinhardt_0.jpg","images\American Abstract Artists\Ad-Reinhardt_1.jpg","images\American Abstract Artists\Ad-Reinhardt_3.jpg","images\American Abstract Artists\Ibram-Lassaw_0.jpg","images\American Abstract Artists\Ibram-Lassaw_1.jpg","images\American Abstract Artists\Ibram-Lassaw_2.jpg","images\American Abstract Artists\Ibram-Lassaw_3.jpg","images\American Abstract Artists\Ibram-Lassaw_4.jpg","images\American Abstract Artists\Ilya-Bolotowsky_0.jpg","images\American Abstract Artists\Ilya-Bolotowsky_1.jpg","images\American Abstract Artists\Ilya-Bolotowsky_2.jpg","images\American Abstract Artists\Ilya-Bolotowsky_3.jpg","images\American Abstract Artists\Ilya-Bolotowsky_4.jpg","images\American Abstract Artists\Josef-Albers_0.jpg","images\American Abstract Artists\Josef-Albers_1.jpg","images\American Abstract Artists\Josef-Albers_2.jpg","images\American Abstract Artists\Josef-Albers_3.jpg","images\American Abstract Artists\Josef-Albers_4.jpg","images\American Modernism\Marsden-Hartley_0.jpg","images\American Modernism\Marsden-Hartley_1.jpg","images\American Modernism\Marsden-Hartley_2.jpg","images\American Modernism\Marsden-Hartley_4.jpg","images\American Modernism\Stuart-Davis_0.jpg","images\American Modernism\Stuart-Davis_1.jpg","images\American Modernism\Stuart-Davis_2.jpg","images\American Modernism\Stuart-Davis_3.jpg","images\American Modernism\Stuart-Davis_4.jpg","images\Art Brut\Adolf-Wolfli_0.jpg","images\Art Brut\Adolf-Wolfli_1.jpg","images\Art Brut\Adolf-Wolfli_2.jpg","images\Art Brut\Adolf-Wolfli_3.jpg","images\Art Brut\Adolf-Wolfli_4.jpg","images\Art Nouveau\Adolf-Loos_0.jpg","images\Art Nouveau\Adolf-Loos_1.jpg","images\Art Nouveau\Adolf-Loos_2.jpg","images\Art Nouveau\Adolf-Loos_3.jpg","images\Art Nouveau\Adolf-Loos_4.jpg","images\Art Nouveau\Alphonse-Mucha_0.jpg","images\Art Nouveau\Alphonse-Mucha_1.jpg","images\Art Nouveau\Antoni-Gaudi_0.jpg","images\Art Nouveau\Antoni-Gaudi_1.jpg","images\Art Nouveau\Antoni-Gaudi_2.jpg","images\Art Nouveau\Antoni-Gaudi_3.jpg","images\Art Nouveau\Aubrey-Beardsley_0.jpg","images\Art Nouveau\Aubrey-Beardsley_2.jpg","images\Art Nouveau\Gustav-Klimt_0.jpg","images\Art Nouveau\Gustav-Klimt_1.jpg","images\Art Nouveau\Gustav-Klimt_2.jpg","images\Art Nouveau\Gustav-Klimt_4.jpg","images\Art Nouveau\Josef-Hoffmann_0.jpg","images\Art Nouveau\Josef-Hoffmann_1.jpg","images\Art Nouveau\Josef-Hoffmann_2.jpg","images\Art Nouveau\Josef-Hoffmann_4.jpg","images\Art Nouveau\Koloman-Moser_1.jpg","images\Art Nouveau\Koloman-Moser_2.jpg","images\Art Nouveau\Koloman-Moser_3.jpg","images\Art Nouveau\Wiener-Werkstatte_0.jpg","images\Art Nouveau\Wiener-Werkstatte_1.jpg","images\Art Nouveau\Wiener-Werkstatte_2.jpg","images\Art Nouveau\Wiener-Werkstatte_3.jpg"
"images\Art Nouveau\Wiener-Werkstatte_4.jpg","images\Arte Povera\Alighiero-Boetti_0.jpg","images\Arte Povera\Alighiero-Boetti_1.jpg","images\Arte Povera\Alighiero-Boetti_2.jpg","images\Arte Povera\Alighiero-Boetti_3.jpg","images\Arte Povera\Gilberto-Zorio_0.jpg","images\Arte Povera\Gilberto-Zorio_2.jpg","images\Arte Povera\Gilberto-Zorio_3.jpg","images\Arte Povera\Giovanni-Anselmo_0.jpg","images\Arte Povera\Giovanni-Anselmo_1.jpg","images\Arte Povera\Giovanni-Anselmo_2.jpg","images\Arte Povera\Giovanni-Anselmo_3.jpg","images\Arte Povera\Giulio-Paolini_0.jpg","images\Arte Povera\Giulio-Paolini_1.jpg","images\Arte Povera\Giulio-Paolini_2.jpg","images\Arte Povera\Giulio-Paolini_3.jpg","images\Arte Povera\Giulio-Paolini_4.jpg","images\Arte Povera\Giuseppe-Penone_0.jpg","images\Arte Povera\Giuseppe-Penone_1.jpg","images\Arte Povera\Giuseppe-Penone_2.jpg","images\Arte Povera\Giuseppe-Penone_3.jpg","images\Arte Povera\Giuseppe-Penone_4.jpg","images\Arte Povera\Jannis-Kounellis_0.jpg","images\Arte Povera\Jannis-Kounellis_1.jpg","images\Arte Povera\Jannis-Kounellis_2.jpg","images\Arte Povera\Jannis-Kounellis_3.jpg","images\Arte Povera\Jannis-Kounellis_4.jpg","images\Arte Povera\Luciano-Fabro_0.jpg","images\Arte Povera\Luciano-Fabro_1.jpg","images\Arte Povera\Luciano-Fabro_3.jpg","images\Arte Povera\Luciano-Fabro_4.jpg","images\Arte Povera\Mario-Merz_0.jpg","images\Arte Povera\Mario-Merz_1.jpg","images\Arte Povera\Mario-Merz_2.jpg","images\Arte Povera\Mario-Merz_3.jpg","images\Arte Povera\Mario-Merz_4.jpg","images\Arte Povera\Marisa-Merz_0.jpg","images\Arte Povera\Marisa-Merz_2.jpg","images\Arte Povera\Marisa-Merz_4.jpg","images\Arte Povera\Michelangelo-Pistoletto_0.jpg","images\Arte Povera\Michelangelo-Pistoletto_1.jpg","images\Arte Povera\Michelangelo-Pistoletto_2.jpg","images\Arte Povera\Michelangelo-Pistoletto_3.jpg","images\Arte Povera\Michelangelo-Pistoletto_4.jpg","images\Arte Povera\Piero-Gilardi_0.jpg","images\Arte Povera\Piero-Gilardi_2.jpg","images\Arte Povera\Piero-Gilardi_3.jpg","images\Arte Povera\Piero-Gilardi_4.jpg","images\Arte Povera\Piero-Manzoni_0.jpg","images\Arte Povera\Piero-Manzoni_1.jpg","images\Arte Povera\Piero-Manzoni_2.jpg","images\Arte Povera\Piero-Manzoni_3.jpg","images\Arte Povera\Piero-Manzoni_4.jpg","images\Arte Povera\Pino-Pascali_0.jpg","images\Arte Povera\Pino-Pascali_1.jpg","images\Arte Povera\Pino-Pascali_2.jpg","images\Arte Povera\Pino-Pascali_3.jpg","images\Arte Povera\Pino-Pascali_4.jpg","images\Ashcan School\Everett-Shinn_0.jpg","images\Ashcan School\Everett-Shinn_1.jpg","images\Ashcan School\Everett-Shinn_2.jpg","images\Ashcan School\Everett-Shinn_3.jpg","images\Ashcan School\Everett-Shinn_4.jpg","images\Ashcan School\George-Bellows_0.jpg"
"images\Ashcan School\George-Bellows_1.jpg","images\Ashcan School\George-Bellows_2.jpg","images\Ashcan School\George-Bellows_3.jpg","images\Ashcan School\George-Bellows_4.jpg","images\Ashcan School\George-Luks_0.jpg","images\Ashcan School\George-Luks_2.jpg","images\Ashcan School\George-Luks_3.jpg","images\Ashcan School\George-Luks_4.jpg","images\Ashcan School\John-Sloan_0.jpg","images\Ashcan School\John-Sloan_1.jpg","images\Ashcan School\John-Sloan_2.jpg","images\Ashcan School\John-Sloan_3.jpg","images\Ashcan School\John-Sloan_4.jpg","images\Ashcan School\Robert-Henri_0.jpg","images\Ashcan School\Robert-Henri_1.jpg","images\Ashcan School\Robert-Henri_2.jpg","images\Ashcan School\Robert-Henri_4.jpg","images\Bauhaus\Anni-Albers_0.jpg","images\Bauhaus\Anni-Albers_1.jpg","images\Bauhaus\Anni-Albers_2.jpg","images\Bauhaus\Gerhard-Marcks_0.jpg","images\Bauhaus\Gerhard-Marcks_1.jpg","images\Bauhaus\Gerhard-Marcks_2.jpg","images\Bauhaus\Gerhard-Marcks_3.jpg","images\Bauhaus\Gerhard-Marcks_4.jpg","images\Bauhaus\Josef-Albers_0.jpg","images\Bauhaus\Josef-Albers_1.jpg","images\Bauhaus\Josef-Albers_2.jpg","images\Bauhaus\Josef-Albers_3.jpg","images\Bauhaus\Josef-Albers_4.jpg","images\Bauhaus\Laszlo-Moholy-Nagy_0.jpg","images\Bauhaus\Laszlo-Moholy-Nagy_1.jpg","images\Bauhaus\Laszlo-Moholy-Nagy_2.jpg","images\Bauhaus\Laszlo-Moholy-Nagy_3.jpg","images\Bauhaus\Laszlo-Moholy-Nagy_4.jpg","images\Bauhaus\Lyonel-Feininger_0.jpg","images\Bauhaus\Lyonel-Feininger_1.jpg","images\Bauhaus\Lyonel-Feininger_2.jpg","images\Bauhaus\Lyonel-Feininger_3.jpg","images\Bauhaus\Lyonel-Feininger_4.jpg","images\Bauhaus\Marcel-Breuer_0.jpg","images\Bauhaus\Marcel-Breuer_1.jpg","images\Bauhaus\Marcel-Breuer_2.jpg","images\Bauhaus\Marcel-Breuer_3.jpg","images\Bauhaus\Marcel-Breuer_4.jpg","images\Bauhaus\Naum-Gabo_0.jpg","images\Bauhaus\Naum-Gabo_1.jpg","images\Bauhaus\Naum-Gabo_2.jpg","images\Bauhaus\Naum-Gabo_3.jpg","images\Bauhaus\Naum-Gabo_4.jpg","images\Bauhaus\Oskar-Schlemmer_0.jpg","images\Bauhaus\Oskar-Schlemmer_1.jpg","images\Bauhaus\Oskar-Schlemmer_2.jpg","images\Bauhaus\Oskar-Schlemmer_3.jpg","images\Bauhaus\Oskar-Schlemmer_4.jpg","images\Bauhaus\Paul-Klee_0.jpg","images\Bauhaus\Paul-Klee_1.jpg","images\Bauhaus\Paul-Klee_2.jpg","images\Bauhaus\Paul-Klee_4.jpg","images\Bauhaus\Wassily-Kandinsky_0.jpg","images\Bauhaus\Wassily-Kandinsky_1.jpg","images\Bauhaus\Wassily-Kandinsky_2.jpg","images\Bauhaus\Wassily-Kandinsky_3.jpg","images\Bauhaus\Wassily-Kandinsky_4.jpg"
"images\Body Art\Ana-Mendieta_0.jpg","images\Body Art\Ana-Mendieta_1.jpg","images\Body Art\Ana-Mendieta_2.jpg","images\Body Art\Ana-Mendieta_3.jpg","images\Body Art\Ana-Mendieta_4.jpg","images\Body Art\Carolee-Schneemann_0.jpg","images\Body Art\Carolee-Schneemann_1.jpg","images\Body Art\Carolee-Schneemann_2.jpg","images\Body Art\Carolee-Schneemann_4.jpg","images\Body Art\Chris-Burden_0.jpg","images\Body Art\Chris-Burden_1.jpg","images\Body Art\Chris-Burden_2.jpg","images\Body Art\Chris-Burden_3.jpg","images\Body Art\Chris-Burden_4.jpg","images\Body Art\Dennis-Oppenheim_0.jpg","images\Body Art\Dennis-Oppenheim_3.jpg","images\Body Art\Dennis-Oppenheim_4.jpg","images\Body Art\Ewa-Partum_0.jpg","images\Body Art\Ewa-Partum_1.jpg","images\Body Art\Ewa-Partum_2.jpg","images\Body Art\Ewa-Partum_3.jpg","images\Body Art\Ewa-Partum_4.jpg","images\Body Art\Gina-Pane_0.jpg","images\Body Art\Gina-Pane_1.jpg","images\Body Art\Gina-Pane_2.jpg","images\Body Art\Gina-Pane_3.jpg","images\Body Art\Gina-Pane_4.jpg","images\Body Art\Hannah-Wilke_0.jpg","images\Body Art\Hannah-Wilke_1.jpg","images\Body Art\Hannah-Wilke_4.jpg","images\Body Art\Jim-Dine_0.jpg","images\Body Art\Jim-Dine_1.jpg","images\Body Art\Jim-Dine_2.jpg","images\Body Art\Jim-Dine_3.jpg","images\Body Art\Rebecca-Horn_0.jpg","images\Body Art\Rebecca-Horn_1.jpg","images\Body Art\Rebecca-Horn_2.jpg","images\Body Art\Rebecca-Horn_3.jpg","images\Body Art\Rebecca-Horn_4.jpg","images\Body Art\VALIE-EXPORT_0.jpg","images\Body Art\VALIE-EXPORT_1.jpg","images\Body Art\VALIE-EXPORT_2.jpg","images\Body Art\VALIE-EXPORT_4.jpg","images\Body Art\Yayoi-Kusama_0.jpg","images\Body Art\Yayoi-Kusama_1.jpg","images\Body Art\Yayoi-Kusama_2.jpg","images\Body Art\Yayoi-Kusama_3.jpg","images\Body Art\Yayoi-Kusama_4.jpg","images\Body Art\Yves-Klein_0.jpg","images\Body Art\Yves-Klein_1.jpg","images\Body Art\Yves-Klein_2.jpg","images\Body Art\Yves-Klein_3.jpg","images\Body Art\Yves-Klein_4.jpg","images\British Pop Art\Allen-Jones_0.jpg","images\British Pop Art\Allen-Jones_1.jpg","images\British Pop Art\Allen-Jones_4.jpg","images\British Pop Art\David-Hockney_0.jpg","images\British Pop Art\David-Hockney_1.jpg","images\British Pop Art\David-Hockney_2.jpg","images\British Pop Art\David-Hockney_3.jpg","images\British Pop Art\David-Hockney_4.jpg","images\British Pop Art\Eduardo-Paolozzi_0.jpg","images\British Pop Art\Eduardo-Paolozzi_2.jpg","images\British Pop Art\Eduardo-Paolozzi_3.jpg"
"images\British Pop Art\Eduardo-Paolozzi_4.jpg","images\British Pop Art\Gerald-Laing_0.jpg","images\British Pop Art\Gerald-Laing_1.jpg","images\British Pop Art\Gerald-Laing_2.jpg","images\British Pop Art\Gerald-Laing_3.jpg","images\British Pop Art\Gerald-Laing_4.jpg","images\British Pop Art\Patrick-Caulfield_0.jpg","images\British Pop Art\Patrick-Caulfield_1.jpg","images\British Pop Art\Patrick-Caulfield_2.jpg","images\British Pop Art\Patrick-Caulfield_3.jpg","images\British Pop Art\Patrick-Caulfield_4.jpg","images\British Pop Art\Peter-Blake_0.jpg","images\British Pop Art\Peter-Blake_1.jpg","images\British Pop Art\Peter-Blake_2.jpg","images\British Pop Art\Peter-Blake_4.jpg","images\British Pop Art\Richard-Hamilton_0.jpg","images\British Pop Art\Richard-Hamilton_1.jpg","images\British Pop Art\Richard-Hamilton_2.jpg","images\British Pop Art\Richard-Hamilton_3.jpg","images\British Pop Art\Richard-Hamilton_4.jpg","images\COBRA\Asger-Jorn_1.jpg","images\COBRA\Asger-Jorn_2.jpg","images\COBRA\Asger-Jorn_3.jpg","images\COBRA\Asger-Jorn_4.jpg","images\COBRA\Karel-Appel_0.jpg","images\COBRA\Karel-Appel_1.jpg","images\COBRA\Karel-Appel_2.jpg","images\COBRA\Karel-Appel_3.jpg","images\COBRA\Karel-Appel_4.jpg","images\COBRA\Pierre-Alechinsky_0.jpg","images\COBRA\Pierre-Alechinsky_2.jpg","images\COBRA\Pierre-Alechinsky_3.jpg","images\COBRA\Pierre-Alechinsky_4.jpg","images\Color Field Painting\Adolph-Gottlieb_0.jpg","images\Color Field Painting\Adolph-Gottlieb_1.jpg","images\Color Field Painting\Adolph-Gottlieb_2.jpg","images\Color Field Painting\Adolph-Gottlieb_3.jpg","images\Color Field Painting\Adolph-Gottlieb_4.jpg","images\Color Field Painting\Barnett-Newman_0.jpg","images\Color Field Painting\Barnett-Newman_1.jpg","images\Color Field Painting\Barnett-Newman_2.jpg","images\Color Field Painting\Barnett-Newman_3.jpg","images\Color Field Painting\Clyfford-Still_0.jpg","images\Color Field Painting\Clyfford-Still_1.jpg","images\Color Field Painting\Clyfford-Still_2.jpg","images\Color Field Painting\Clyfford-Still_3.jpg","images\Color Field Painting\Clyfford-Still_4.jpg","images\Color Field Painting\Ellsworth-Kelly_0.jpg","images\Color Field Painting\Ellsworth-Kelly_1.jpg","images\Color Field Painting\Ellsworth-Kelly_2.jpg","images\Color Field Painting\Ellsworth-Kelly_3.jpg","images\Color Field Painting\Ellsworth-Kelly_4.jpg","images\Color Field Painting\Frank-Stella_0.jpg","images\Color Field Painting\Frank-Stella_1.jpg","images\Color Field Painting\Frank-Stella_2.jpg","images\Color Field Painting\Frank-Stella_3.jpg","images\Color Field Painting\Frank-Stella_4.jpg","images\Color Field Painting\Helen-Frankenthaler_0.jpg","images\Color Field Painting\Helen-Frankenthaler_1.jpg","images\Color Field Painting\Helen-Frankenthaler_2.jpg","images\Color Field Painting\Helen-Frankenthaler_3.jpg","images\Color Field Painting\Helen-Frankenthaler_4.jpg","images\Color Field Painting\Jules-Olitski_0.jpg","images\Color Field Painting\Jules-Olitski_1.jpg"
"images\Color Field Painting\Jules-Olitski_2.jpg","images\Color Field Painting\Kenneth-Noland_0.jpg","images\Color Field Painting\Kenneth-Noland_1.jpg","images\Color Field Painting\Kenneth-Noland_2.jpg","images\Color Field Painting\Kenneth-Noland_3.jpg","images\Color Field Painting\Kenneth-Noland_4.jpg","images\Color Field Painting\Mark-Rothko_1.jpg","images\Color Field Painting\Mark-Rothko_3.jpg","images\Color Field Painting\Mark-Rothko_4.jpg","images\Color Field Painting\Morris-Louis_0.jpg","images\Color Field Painting\Morris-Louis_1.jpg","images\Color Field Painting\Morris-Louis_3.jpg","images\Color Field Painting\Morris-Louis_4.jpg","images\Color Field Painting\Richard-Diebenkorn_0.jpg","images\Color Field Painting\Richard-Diebenkorn_1.jpg","images\Color Field Painting\Richard-Diebenkorn_2.jpg","images\Color Field Painting\Richard-Diebenkorn_3.jpg","images\Color Field Painting\Richard-Diebenkorn_4.jpg","images\Color Field Painting\Sam-Francis_1.jpg","images\Color Field Painting\Sam-Francis_2.jpg","images\Color Field Painting\Sam-Francis_3.jpg","images\Color Field Painting\Sam-Francis_4.jpg","images\Constructivism\Alexander-Rodchenko_0.jpg","images\Constructivism\Alexander-Rodchenko_3.jpg","images\Constructivism\Alexander-Rodchenko_4.jpg","images\Constructivism\El-Lissitzky_0.jpg","images\Constructivism\El-Lissitzky_1.jpg","images\Constructivism\El-Lissitzky_3.jpg","images\Constructivism\El-Lissitzky_4.jpg","images\Constructivism\Gustav-Klutsis_0.jpg","images\Constructivism\Gustav-Klutsis_2.jpg","images\Constructivism\Gustav-Klutsis_3.jpg","images\Constructivism\Kasimir-Malevich_0.jpg","images\Constructivism\Kasimir-Malevich_1.jpg","images\Constructivism\Kasimir-Malevich_4.jpg","images\Constructivism\Laszlo-Moholy-Nagy_0.jpg","images\Constructivism\Laszlo-Moholy-Nagy_1.jpg","images\Constructivism\Laszlo-Moholy-Nagy_2.jpg","images\Constructivism\Laszlo-Moholy-Nagy_3.jpg","images\Constructivism\Laszlo-Moholy-Nagy_4.jpg","images\Constructivism\Naum-Gabo_0.jpg","images\Constructivism\Naum-Gabo_1.jpg","images\Constructivism\Naum-Gabo_2.jpg","images\Constructivism\Naum-Gabo_3.jpg","images\Constructivism\Naum-Gabo_4.jpg","images\Contemporary Realism\Alex-Katz_0.jpg","images\Contemporary Realism\Alex-Katz_1.jpg","images\Contemporary Realism\Alex-Katz_2.jpg","images\Contemporary Realism\Alex-Katz_3.jpg","images\Contemporary Realism\Alex-Katz_4.jpg","images\Contemporary Realism\Fairfield-Porter_0.jpg","images\Contemporary Realism\Fairfield-Porter_1.jpg","images\Contemporary Realism\Fairfield-Porter_2.jpg","images\Contemporary Realism\Fairfield-Porter_3.jpg","images\Contemporary Realism\Fairfield-Porter_4.jpg","images\Contemporary Realism\Jane-Freilicher_0.jpg","images\Contemporary Realism\Jane-Freilicher_1.jpg","images\Contemporary Realism\Jane-Freilicher_2.jpg","images\Contemporary Realism\Jane-Freilicher_3.jpg","images\Contemporary Realism\Jane-Freilicher_4.jpg","images\Contemporary Realism\Lois-Dodd_0.jpg","images\Contemporary Realism\Lois-Dodd_1.jpg","images\Contemporary Realism\Lois-Dodd_3.jpg","images\Contemporary Realism\Lois-Dodd_4.jpg"
"images\Contemporary Realism\Louisa-Matthiasdottir_0.jpg","images\Contemporary Realism\Louisa-Matthiasdottir_1.jpg","images\Contemporary Realism\Louisa-Matthiasdottir_2.jpg","images\Contemporary Realism\Louisa-Matthiasdottir_3.jpg","images\Contemporary Realism\Louisa-Matthiasdottir_4.jpg","images\Contemporary Realism\Neil-Welliver_0.jpg","images\Contemporary Realism\Neil-Welliver_1.jpg","images\Contemporary Realism\Neil-Welliver_2.jpg","images\Contemporary Realism\Neil-Welliver_3.jpg","images\Contemporary Realism\Neil-Welliver_4.jpg","images\Contemporary Realism\Nell-Blaine_0.jpg","images\Contemporary Realism\Nell-Blaine_1.jpg","images\Contemporary Realism\Nell-Blaine_2.jpg","images\Contemporary Realism\Nell-Blaine_3.jpg","images\Contemporary Realism\Nell-Blaine_4.jpg","images\Contemporary Realism\Philip-Pearlstein_0.jpg","images\Contemporary Realism\Philip-Pearlstein_1.jpg","images\Contemporary Realism\Philip-Pearlstein_2.jpg","images\Contemporary Realism\Philip-Pearlstein_3.jpg","images\Contemporary Realism\Philip-Pearlstein_4.jpg","images\Contemporary Realism\William-Bailey_0.jpg","images\Contemporary Realism\William-Bailey_1.jpg","images\Contemporary Realism\William-Bailey_2.jpg","images\Contemporary Realism\William-Bailey_3.jpg","images\Contemporary Realism\William-Bailey_4.jpg","images\Cubism\Albert-Gleizes_0.jpg","images\Cubism\Albert-Gleizes_1.jpg","images\Cubism\Albert-Gleizes_2.jpg","images\Cubism\Albert-Gleizes_3.jpg","images\Cubism\Albert-Gleizes_4.jpg","images\Cubism\Fernand-Leger_0.jpg","images\Cubism\Fernand-Leger_1.jpg","images\Cubism\Fernand-Leger_2.jpg","images\Cubism\Fernand-Leger_3.jpg","images\Cubism\Fernand-Leger_4.jpg","images\Cubism\Francis-Picabia_0.jpg","images\Cubism\Francis-Picabia_1.jpg","images\Cubism\Francis-Picabia_2.jpg","images\Cubism\Francis-Picabia_3.jpg","images\Cubism\Francis-Picabia_4.jpg","images\Cubism\Georges-Braque_0.jpg","images\Cubism\Georges-Braque_1.jpg","images\Cubism\Georges-Braque_2.jpg","images\Cubism\Georges-Braque_3.jpg","images\Cubism\Georges-Braque_4.jpg","images\Cubism\Jacques-Lipchitz_1.jpg","images\Cubism\Jacques-Lipchitz_2.jpg","images\Cubism\Jacques-Lipchitz_3.jpg","images\Cubism\Jacques-Lipchitz_4.jpg","images\Cubism\Jacques-Villon_0.jpg","images\Cubism\Jacques-Villon_1.jpg","images\Cubism\Jacques-Villon_2.jpg","images\Cubism\Jacques-Villon_3.jpg","images\Cubism\Jean-Metzinger_0.jpg","images\Cubism\Jean-Metzinger_1.jpg","images\Cubism\Jean-Metzinger_2.jpg","images\Cubism\Jean-Metzinger_3.jpg","images\Cubism\Jean-Metzinger_4.jpg","images\Cubism\Juan-Gris_0.jpg","images\Cubism\Juan-Gris_3.jpg","images\Cubism\Juan-Gris_4.jpg","images\Cubism\Marcel-Duchamp_0.jpg","images\Cubism\Marcel-Duchamp_1.jpg","images\Cubism\Marcel-Duchamp_2.jpg"
"images\Cubism\Marcel-Duchamp_4.jpg","images\Cubism\Pablo-Picasso_0.jpg","images\Cubism\Pablo-Picasso_1.jpg","images\Cubism\Pablo-Picasso_3.jpg","images\Cubism\Pablo-Picasso_4.jpg","images\Cubism\Robert-Delaunay_0.jpg","images\Cubism\Robert-Delaunay_1.jpg","images\Cubism\Robert-Delaunay_2.jpg","images\Cubism\Robert-Delaunay_3.jpg","images\Cubism\Robert-Delaunay_4.jpg","images\Cubism\Sonia-Delaunay_0.jpg","images\Cubism\Sonia-Delaunay_1.jpg","images\Cubism\Sonia-Delaunay_2.jpg","images\Cubism\Sonia-Delaunay_3.jpg","images\Cubism\Sonia-Delaunay_4.jpg","images\Dada\Andre-Breton_1.jpg","images\Dada\Andre-Breton_2.jpg","images\Dada\Andre-Breton_4.jpg","images\Dada\Claude-Cahun_1.jpg","images\Dada\Claude-Cahun_2.jpg","images\Dada\Claude-Cahun_3.jpg","images\Dada\Claude-Cahun_4.jpg","images\Dada\Francis-Picabia_0.jpg","images\Dada\Francis-Picabia_1.jpg","images\Dada\Francis-Picabia_2.jpg","images\Dada\Francis-Picabia_3.jpg","images\Dada\Francis-Picabia_4.jpg","images\Dada\Hannah-Hoch_0.jpg","images\Dada\Hannah-Hoch_1.jpg","images\Dada\Hannah-Hoch_3.jpg","images\Dada\Hannah-Hoch_4.jpg","images\Dada\Hans-Arp_0.jpg","images\Dada\Hans-Arp_1.jpg","images\Dada\Hans-Arp_2.jpg","images\Dada\Hans-Arp_3.jpg","images\Dada\Hans-Bellmer_0.jpg","images\Dada\Hans-Bellmer_1.jpg","images\Dada\Hans-Bellmer_2.jpg","images\Dada\Hans-Bellmer_3.jpg","images\Dada\Jean-Arp_0.jpg","images\Dada\Jean-Arp_1.jpg","images\Dada\Jean-Arp_2.jpg","images\Dada\Jean-Arp_3.jpg","images\Dada\Kurt-Schwitters_0.jpg","images\Dada\Kurt-Schwitters_1.jpg","images\Dada\Kurt-Schwitters_2.jpg","images\Dada\Kurt-Schwitters_3.jpg","images\Dada\Kurt-Schwitters_4.jpg","images\Dada\Man-Ray_0.jpg","images\Dada\Man-Ray_1.jpg","images\Dada\Man-Ray_2.jpg","images\Dada\Man-Ray_4.jpg","images\Dada\Marcel-Duchamp_0.jpg","images\Dada\Marcel-Duchamp_1.jpg","images\Dada\Marcel-Duchamp_2.jpg","images\Dada\Marcel-Duchamp_4.jpg","images\Dada\Marcel-Janco_0.jpg","images\Dada\Marcel-Janco_1.jpg","images\Dada\Marcel-Janco_2.jpg","images\Dada\Marcel-Janco_3.jpg","images\Dada\Marcel-Janco_4.jpg","images\Dada\Max-Ernst_1.jpg","images\Dada\Max-Ernst_2.jpg","images\Dada\Max-Ernst_3.jpg"
"images\Dada\Max-Ernst_4.jpg","images\Dada\Sophie-Taeuber-Arp_0.jpg","images\Dada\Sophie-Taeuber-Arp_1.jpg","images\Dada\Sophie-Taeuber-Arp_3.jpg","images\Dada\Sophie-Taeuber-Arp_4.jpg","images\Dau-al-Set\Antoni-Tapies_0.jpg","images\Dau-al-Set\Antoni-Tapies_1.jpg","images\Dau-al-Set\Antoni-Tapies_2.jpg","images\Dau-al-Set\Antoni-Tapies_3.jpg","images\Dau-al-Set\Antoni-Tapies_4.jpg","images\Dau-al-Set\Joan-Brossa_0.jpg","images\Dau-al-Set\Joan-Brossa_1.jpg","images\Dau-al-Set\Joan-Brossa_2.jpg","images\Dau-al-Set\Joan-Brossa_3.jpg","images\Dau-al-Set\Joan-Brossa_4.jpg","images\De Stijl\Piet-Mondrian_0.jpg","images\De Stijl\Piet-Mondrian_1.jpg","images\De Stijl\Piet-Mondrian_2.jpg","images\De Stijl\Piet-Mondrian_3.jpg","images\De-collage\Mimmo-Rotella_0.jpg","images\De-collage\Mimmo-Rotella_1.jpg","images\De-collage\Mimmo-Rotella_2.jpg","images\De-collage\Mimmo-Rotella_3.jpg","images\De-collage\Mimmo-Rotella_4.jpg","images\De-collage\Wolf-Vostell_0.jpg","images\De-collage\Wolf-Vostell_2.jpg","images\De-collage\Wolf-Vostell_3.jpg","images\De-collage\Wolf-Vostell_4.jpg","images\Der Blaue Reiter\August-Macke_0.jpg","images\Der Blaue Reiter\August-Macke_1.jpg","images\Der Blaue Reiter\August-Macke_2.jpg","images\Der Blaue Reiter\August-Macke_3.jpg","images\Der Blaue Reiter\August-Macke_4.jpg","images\Der Blaue Reiter\Emil-Nolde_0.jpg","images\Der Blaue Reiter\Emil-Nolde_1.jpg","images\Der Blaue Reiter\Emil-Nolde_2.jpg","images\Der Blaue Reiter\Emil-Nolde_3.jpg","images\Der Blaue Reiter\Emil-Nolde_4.jpg","images\Der Blaue Reiter\Franz-Marc_0.jpg","images\Der Blaue Reiter\Franz-Marc_1.jpg","images\Der Blaue Reiter\Franz-Marc_2.jpg","images\Der Blaue Reiter\Franz-Marc_3.jpg","images\Der Blaue Reiter\Franz-Marc_4.jpg","images\Der Blaue Reiter\Lyonel-Feininger_0.jpg","images\Der Blaue Reiter\Lyonel-Feininger_1.jpg","images\Der Blaue Reiter\Lyonel-Feininger_2.jpg","images\Der Blaue Reiter\Lyonel-Feininger_3.jpg","images\Der Blaue Reiter\Lyonel-Feininger_4.jpg","images\Der Blaue Reiter\Natalia-Goncharova_1.jpg","images\Der Blaue Reiter\Natalia-Goncharova_3.jpg","images\Der Blaue Reiter\Natalia-Goncharova_4.jpg","images\Der Blaue Reiter\Paul-Klee_0.jpg","images\Der Blaue Reiter\Paul-Klee_1.jpg","images\Der Blaue Reiter\Paul-Klee_2.jpg","images\Der Blaue Reiter\Paul-Klee_3.jpg","images\Der Blaue Reiter\Paul-Klee_4.jpg","images\Der Blaue Reiter\Wassily-Kandinsky_0.jpg","images\Der Blaue Reiter\Wassily-Kandinsky_1.jpg","images\Der Blaue Reiter\Wassily-Kandinsky_2.jpg","images\Der Blaue Reiter\Wassily-Kandinsky_3.jpg","images\Der Blaue Reiter\Wassily-Kandinsky_4.jpg","images\Die Brucke\Emil-Nolde_0.jpg","images\Die Brucke\Emil-Nolde_1.jpg","images\Die Brucke\Emil-Nolde_2.jpg"
"images\Die Brucke\Emil-Nolde_3.jpg","images\Die Brucke\Emil-Nolde_4.jpg","images\Die Brucke\Erich-Heckel_0.jpg","images\Die Brucke\Erich-Heckel_1.jpg","images\Die Brucke\Erich-Heckel_2.jpg","images\Die Brucke\Erich-Heckel_3.jpg","images\Die Brucke\Erich-Heckel_4.jpg","images\Die Brucke\Karl-Schmidt-Rottluff_0.jpg","images\Die Brucke\Karl-Schmidt-Rottluff_1.jpg","images\Die Brucke\Karl-Schmidt-Rottluff_2.jpg","images\Die Brucke\Karl-Schmidt-Rottluff_3.jpg","images\Die Brucke\Karl-Schmidt-Rottluff_4.jpg","images\Die Brucke\Max-Pechstein_0.jpg","images\Die Brucke\Max-Pechstein_1.jpg","images\Die Brucke\Max-Pechstein_2.jpg","images\Die Brucke\Max-Pechstein_3.jpg","images\Die Brucke\Max-Pechstein_4.jpg","images\Fauvism\Andre-Derain_0.jpg","images\Fauvism\Andre-Derain_1.jpg","images\Fauvism\Andre-Derain_2.jpg","images\Fauvism\Andre-Derain_3.jpg","images\Fauvism\Andre-Derain_4.jpg","images\Fauvism\Georges-Braque_0.jpg","images\Fauvism\Georges-Braque_1.jpg","images\Fauvism\Georges-Braque_2.jpg","images\Fauvism\Georges-Braque_3.jpg","images\Fauvism\Georges-Braque_4.jpg","images\Fauvism\Henri-Matisse_0.jpg","images\Fauvism\Henri-Matisse_1.jpg","images\Fauvism\Henri-Matisse_2.jpg","images\Fauvism\Henri-Matisse_3.jpg","images\Fauvism\Henri-Matisse_4.jpg","images\Fauvism\Raoul-Dufy_0.jpg","images\Fauvism\Raoul-Dufy_1.jpg","images\Fauvism\Raoul-Dufy_2.jpg","images\Fauvism\Raoul-Dufy_3.jpg","images\Fauvism\Raoul-Dufy_4.jpg","images\Figuratifs\Bernard-Buffet_0.jpg","images\Figuratifs\Bernard-Buffet_1.jpg","images\Figuratifs\Bernard-Buffet_3.jpg","images\Figuratifs\Bernard-Buffet_4.jpg","images\Figuration libre\Robert-Combas_0.jpg","images\Figuration libre\Robert-Combas_1.jpg","images\Figuration libre\Robert-Combas_2.jpg","images\Figuration libre\Robert-Combas_3.jpg","images\Figuration libre\Robert-Combas_4.jpg","images\Figurative Expressionism\Bob-Thompson_0.jpg","images\Figurative Expressionism\Bob-Thompson_1.jpg","images\Figurative Expressionism\Bob-Thompson_2.jpg","images\Figurative Expressionism\Bob-Thompson_3.jpg","images\Figurative Expressionism\Bob-Thompson_4.jpg","images\Figurative Expressionism\George-McNeil_0.jpg","images\Figurative Expressionism\George-McNeil_1.jpg","images\Figurative Expressionism\George-McNeil_2.jpg","images\Figurative Expressionism\George-McNeil_3.jpg","images\Figurative Expressionism\George-McNeil_4.jpg","images\Figurative Expressionism\Grace-Hartigan_0.jpg","images\Figurative Expressionism\Grace-Hartigan_1.jpg","images\Figurative Expressionism\Grace-Hartigan_2.jpg","images\Figurative Expressionism\Grace-Hartigan_3.jpg","images\Figurative Expressionism\Grace-Hartigan_4.jpg","images\Figurative Expressionism\Jan-Muller_0.jpg","images\Figurative Expressionism\Jan-Muller_1.jpg","images\Figurative Expressionism\Jan-Muller_2.jpg"
"images\Figurative Expressionism\Jan-Muller_3.jpg","images\Figurative Expressionism\Jan-Muller_4.jpg","images\Figurative Expressionism\Larry-Rivers_0.jpg","images\Figurative Expressionism\Larry-Rivers_1.jpg","images\Figurative Expressionism\Larry-Rivers_2.jpg","images\Figurative Expressionism\Larry-Rivers_3.jpg","images\Figurative Expressionism\Larry-Rivers_4.jpg","images\Figurative Expressionism\Lester-Johnson_0.jpg","images\Figurative Expressionism\Lester-Johnson_1.jpg","images\Figurative Expressionism\Lester-Johnson_2.jpg","images\Figurative Expressionism\Lester-Johnson_3.jpg","images\Figurative Expressionism\Lester-Johnson_4.jpg","images\Figurative Expressionism\Robert-Beauchamp_0.jpg","images\Figurative Expressionism\Robert-Beauchamp_1.jpg","images\Figurative Expressionism\Robert-Beauchamp_2.jpg","images\Figurative Expressionism\Robert-Beauchamp_3.jpg","images\Figurative Expressionism\Robert-Beauchamp_4.jpg","images\Figurative painting\Henri-Matisse_0.jpg","images\Figurative painting\Henri-Matisse_1.jpg","images\Figurative painting\Henri-Matisse_2.jpg","images\Figurative painting\Henri-Matisse_3.jpg","images\Figurative painting\Henri-Matisse_4.jpg","images\Figurative painting\Pierre-Bonnard_0.jpg","images\Figurative painting\Pierre-Bonnard_1.jpg","images\Figurative painting\Pierre-Bonnard_3.jpg","images\Figurative painting\Pierre-Bonnard_4.jpg","images\Fluxus\Alison-Knowles_0.jpg","images\Fluxus\Alison-Knowles_1.jpg","images\Fluxus\Alison-Knowles_2.jpg","images\Fluxus\Alison-Knowles_4.jpg","images\Fluxus\Allan-Kaprow_0.jpg","images\Fluxus\Allan-Kaprow_1.jpg","images\Fluxus\Allan-Kaprow_2.jpg","images\Fluxus\Allan-Kaprow_3.jpg","images\Fluxus\Allan-Kaprow_4.jpg","images\Fluxus\Carolee-Schneemann_0.jpg","images\Fluxus\Carolee-Schneemann_1.jpg","images\Fluxus\Carolee-Schneemann_2.jpg","images\Fluxus\Carolee-Schneemann_4.jpg","images\Fluxus\Daniel-Spoerri_0.jpg","images\Fluxus\Daniel-Spoerri_1.jpg","images\Fluxus\Daniel-Spoerri_2.jpg","images\Fluxus\Daniel-Spoerri_3.jpg","images\Fluxus\Daniel-Spoerri_4.jpg","images\Fluxus\Dieter-Roth_0.jpg","images\Fluxus\Dieter-Roth_1.jpg","images\Fluxus\Dieter-Roth_2.jpg","images\Fluxus\Dieter-Roth_3.jpg","images\Fluxus\Dieter-Roth_4.jpg","images\Fluxus\George-Brecht_1.jpg","images\Fluxus\George-Brecht_2.jpg","images\Fluxus\George-Brecht_3.jpg","images\Fluxus\George-Maciunas_0.jpg","images\Fluxus\George-Maciunas_1.jpg","images\Fluxus\George-Maciunas_2.jpg","images\Fluxus\George-Maciunas_3.jpg","images\Fluxus\George-Maciunas_4.jpg","images\Fluxus\John-Cage_0.jpg","images\Fluxus\John-Cage_1.jpg","images\Fluxus\John-Cage_2.jpg","images\Fluxus\John-Cage_3.jpg","images\Fluxus\John-Cage_4.jpg","images\Fluxus\Joseph-Beuys_0.jpg","images\Fluxus\Joseph-Beuys_2.jpg"
"images\Fluxus\Joseph-Beuys_3.jpg","images\Fluxus\Joseph-Beuys_4.jpg","images\Fluxus\Robert-Morris_0.jpg","images\Fluxus\Robert-Morris_1.jpg","images\Fluxus\Robert-Morris_2.jpg","images\Fluxus\Robert-Morris_3.jpg","images\Fluxus\Wolf-Vostell_0.jpg","images\Fluxus\Wolf-Vostell_2.jpg","images\Fluxus\Wolf-Vostell_3.jpg","images\Fluxus\Wolf-Vostell_4.jpg","images\Fluxus\Yayoi-Kusama_0.jpg","images\Fluxus\Yayoi-Kusama_1.jpg","images\Fluxus\Yayoi-Kusama_2.jpg","images\Fluxus\Yayoi-Kusama_3.jpg","images\Fluxus\Yayoi-Kusama_4.jpg","images\Fluxus\Yoko-Ono_0.jpg","images\Fluxus\Yoko-Ono_1.jpg","images\Fluxus\Yoko-Ono_2.jpg","images\Fluxus\Yoko-Ono_3.jpg","images\Fluxus\Yoko-Ono_4.jpg","images\Futurism\Carlo-Carra_0.jpg","images\Futurism\Carlo-Carra_2.jpg","images\Futurism\Carlo-Carra_3.jpg","images\Futurism\Carlo-Carra_4.jpg","images\Futurism\Giacomo-Balla_0.jpg","images\Futurism\Giacomo-Balla_1.jpg","images\Futurism\Giacomo-Balla_2.jpg","images\Futurism\Giacomo-Balla_3.jpg","images\Futurism\Gino-Severini_0.jpg","images\Futurism\Gino-Severini_1.jpg","images\Futurism\Gino-Severini_2.jpg","images\Futurism\Gino-Severini_3.jpg","images\Futurism\Gino-Severini_4.jpg","images\Futurism\Natalia-Goncharova_1.jpg","images\Futurism\Natalia-Goncharova_3.jpg","images\Futurism\Natalia-Goncharova_4.jpg","images\Futurism\Umberto-Boccioni_0.jpg","images\Futurism\Umberto-Boccioni_1.jpg","images\Futurism\Umberto-Boccioni_2.jpg","images\Futurism\Umberto-Boccioni_3.jpg","images\Futurism\Umberto-Boccioni_4.jpg","images\Geometric abstraction\Manlio-Rho_0.jpg","images\Geometric abstraction\Manlio-Rho_1.jpg","images\Geometric abstraction\Manlio-Rho_2.jpg","images\Geometric abstraction\Manlio-Rho_3.jpg","images\Geometric abstraction\Manlio-Rho_4.jpg","images\Geometric abstraction\Mario-Radice_0.jpg","images\Geometric abstraction\Mario-Radice_1.jpg","images\Geometric abstraction\Mario-Radice_2.jpg","images\Geometric abstraction\Mario-Radice_3.jpg","images\Geometric abstraction\Mario-Radice_4.jpg","images\Geometric abstraction\Wassily-Kandinsky_0.jpg","images\Geometric abstraction\Wassily-Kandinsky_1.jpg","images\Geometric abstraction\Wassily-Kandinsky_2.jpg","images\Geometric abstraction\Wassily-Kandinsky_3.jpg","images\Geometric abstraction\Wassily-Kandinsky_4.jpg","images\Grupo El Paso\Antonio-Saura_0.jpg","images\Grupo El Paso\Antonio-Saura_1.jpg","images\Grupo El Paso\Antonio-Saura_2.jpg","images\Grupo El Paso\Antonio-Saura_3.jpg","images\Grupo El Paso\Antonio-Saura_4.jpg","images\Happening\Allan-Kaprow_0.jpg","images\Happening\Allan-Kaprow_1.jpg","images\Happening\Allan-Kaprow_2.jpg"
"images\Happening\Allan-Kaprow_3.jpg","images\Happening\Allan-Kaprow_4.jpg","images\Happening\Claes-Oldenburg_0.jpg","images\Happening\Claes-Oldenburg_1.jpg","images\Happening\Claes-Oldenburg_2.jpg","images\Happening\Claes-Oldenburg_3.jpg","images\Happening\Claes-Oldenburg_4.jpg","images\Happening\Jim-Dine_0.jpg","images\Happening\Jim-Dine_1.jpg","images\Happening\Jim-Dine_2.jpg","images\Happening\Jim-Dine_3.jpg","images\Happening\Joseph-Beuys_0.jpg","images\Happening\Joseph-Beuys_2.jpg","images\Happening\Joseph-Beuys_3.jpg","images\Happening\Joseph-Beuys_4.jpg","images\Happening\Red-Grooms_0.jpg","images\Happening\Red-Grooms_2.jpg","images\Happening\Red-Grooms_3.jpg","images\Happening\Red-Grooms_4.jpg","images\Happening\Wolf-Vostell_0.jpg","images\Happening\Wolf-Vostell_2.jpg","images\Happening\Wolf-Vostell_3.jpg","images\Happening\Wolf-Vostell_4.jpg","images\Happening\Yoko-Ono_0.jpg","images\Happening\Yoko-Ono_1.jpg","images\Happening\Yoko-Ono_2.jpg","images\Happening\Yoko-Ono_3.jpg","images\Happening\Yoko-Ono_4.jpg","images\Happenings\Al-Hansen_0.jpg","images\Happenings\Al-Hansen_1.jpg","images\Happenings\Al-Hansen_3.jpg","images\Happenings\Al-Hansen_4.jpg","images\Happenings\Allan-Kaprow_0.jpg","images\Happenings\Allan-Kaprow_1.jpg","images\Happenings\Allan-Kaprow_2.jpg","images\Happenings\Allan-Kaprow_3.jpg","images\Happenings\Allan-Kaprow_4.jpg","images\Happenings\Carolee-Schneemann_0.jpg","images\Happenings\Carolee-Schneemann_1.jpg","images\Happenings\Carolee-Schneemann_2.jpg","images\Happenings\Carolee-Schneemann_4.jpg","images\Happenings\George-Brecht_1.jpg","images\Happenings\George-Brecht_2.jpg","images\Happenings\George-Brecht_3.jpg","images\Happenings\John-Cage_0.jpg","images\Happenings\John-Cage_1.jpg","images\Happenings\John-Cage_2.jpg","images\Happenings\John-Cage_3.jpg","images\Happenings\John-Cage_4.jpg","images\Happenings\Robert-Watts_0.jpg","images\Happenings\Robert-Watts_1.jpg","images\Happenings\Robert-Watts_2.jpg","images\Happenings\Robert-Watts_3.jpg","images\Happenings\Robert-Watts_4.jpg","images\Hard-Edge Painting\Al-Held_1.jpg","images\Hard-Edge Painting\Al-Held_2.jpg","images\Hard-Edge Painting\Al-Held_3.jpg","images\Hard-Edge Painting\Al-Held_4.jpg","images\Hard-Edge Painting\Ellsworth-Kelly_0.jpg","images\Hard-Edge Painting\Ellsworth-Kelly_1.jpg","images\Hard-Edge Painting\Ellsworth-Kelly_2.jpg","images\Hard-Edge Painting\Ellsworth-Kelly_3.jpg","images\Hard-Edge Painting\Ellsworth-Kelly_4.jpg","images\Hard-Edge Painting\Frank-Stella_0.jpg"
"images\Hard-Edge Painting\Frank-Stella_1.jpg","images\Hard-Edge Painting\Frank-Stella_2.jpg","images\Hard-Edge Painting\Frank-Stella_3.jpg","images\Hard-Edge Painting\Frank-Stella_4.jpg","images\Hard-Edge Painting\Frederick-Hammersley_0.jpg","images\Hard-Edge Painting\Frederick-Hammersley_1.jpg","images\Hard-Edge Painting\Frederick-Hammersley_2.jpg","images\Hard-Edge Painting\Frederick-Hammersley_3.jpg","images\Hard-Edge Painting\Frederick-Hammersley_4.jpg","images\Hard-Edge Painting\John-McLaughlin_0.jpg","images\Hard-Edge Painting\John-McLaughlin_1.jpg","images\Hard-Edge Painting\John-McLaughlin_2.jpg","images\Hard-Edge Painting\John-McLaughlin_3.jpg","images\Hard-Edge Painting\John-McLaughlin_4.jpg","images\Hard-Edge Painting\Karl-Benjamin_0.jpg","images\Hard-Edge Painting\Karl-Benjamin_1.jpg","images\Hard-Edge Painting\Karl-Benjamin_2.jpg","images\Hard-Edge Painting\Karl-Benjamin_4.jpg","images\Hard-Edge Painting\Kenneth-Noland_0.jpg","images\Hard-Edge Painting\Kenneth-Noland_1.jpg","images\Hard-Edge Painting\Kenneth-Noland_2.jpg","images\Hard-Edge Painting\Kenneth-Noland_3.jpg","images\Hard-Edge Painting\Kenneth-Noland_4.jpg","images\Hard-Edge Painting\Lorser-Feitelson_0.jpg","images\Hard-Edge Painting\Lorser-Feitelson_1.jpg","images\Hard-Edge Painting\Lorser-Feitelson_2.jpg","images\Hard-Edge Painting\Lorser-Feitelson_3.jpg","images\Hard-Edge Painting\Lorser-Feitelson_4.jpg","images\Hard-Edge Painting\Robert-Irwin_0.jpg","images\Hard-Edge Painting\Robert-Irwin_1.jpg","images\Hard-Edge Painting\Robert-Irwin_2.jpg","images\Hard-Edge Painting\Robert-Irwin_3.jpg","images\Hard-Edge Painting\Ronald-Davis_0.jpg","images\Hard-Edge Painting\Ronald-Davis_1.jpg","images\Hard-Edge Painting\Ronald-Davis_2.jpg","images\Hard-Edge Painting\Ronald-Davis_3.jpg","images\Hard-Edge Painting\Ronald-Davis_4.jpg","images\Hudson River School\Albert-Bierstadt_0.jpg","images\Hudson River School\Albert-Bierstadt_1.jpg","images\Hudson River School\Albert-Bierstadt_2.jpg","images\Hudson River School\Albert-Bierstadt_3.jpg","images\Hudson River School\Albert-Bierstadt_4.jpg","images\Hudson River School\George-Inness_0.jpg","images\Hudson River School\George-Inness_1.jpg","images\Hudson River School\George-Inness_2.jpg","images\Hudson River School\George-Inness_3.jpg","images\Hudson River School\George-Inness_4.jpg","images\Hudson River School\Thomas-Cole_0.jpg","images\Hudson River School\Thomas-Cole_1.jpg","images\Hudson River School\Thomas-Cole_2.jpg","images\Hudson River School\Thomas-Cole_3.jpg","images\Hudson River School\Thomas-Cole_4.jpg","images\Impressionism\Alfred-Sisley_0.jpg","images\Impressionism\Alfred-Sisley_1.jpg","images\Impressionism\Alfred-Sisley_2.jpg","images\Impressionism\Alfred-Sisley_3.jpg","images\Impressionism\Alfred-Sisley_4.jpg","images\Impressionism\Berthe-Morisot_0.jpg","images\Impressionism\Berthe-Morisot_1.jpg","images\Impressionism\Berthe-Morisot_2.jpg","images\Impressionism\Berthe-Morisot_3.jpg","images\Impressionism\Berthe-Morisot_4.jpg","images\Impressionism\Camille-Pissarro_0.jpg","images\Impressionism\Camille-Pissarro_1.jpg"
"images\Impressionism\Camille-Pissarro_2.jpg","images\Impressionism\Camille-Pissarro_3.jpg","images\Impressionism\Camille-Pissarro_4.jpg","images\Impressionism\Claude-Monet_0.jpg","images\Impressionism\Claude-Monet_1.jpg","images\Impressionism\Claude-Monet_2.jpg","images\Impressionism\Claude-Monet_3.jpg","images\Impressionism\Claude-Monet_4.jpg","images\Impressionism\Edgar-Degas_0.jpg","images\Impressionism\Edgar-Degas_1.jpg","images\Impressionism\Edgar-Degas_2.jpg","images\Impressionism\Edgar-Degas_3.jpg","images\Impressionism\Edgar-Degas_4.jpg","images\Impressionism\Edouard-Manet_0.jpg","images\Impressionism\Edouard-Manet_1.jpg","images\Impressionism\Edouard-Manet_2.jpg","images\Impressionism\Edouard-Manet_3.jpg","images\Impressionism\Edouard-Manet_4.jpg","images\Impressionism\Frederic-Bazille_0.jpg","images\Impressionism\Frederic-Bazille_1.jpg","images\Impressionism\Frederic-Bazille_2.jpg","images\Impressionism\Frederic-Bazille_3.jpg","images\Impressionism\Frederic-Bazille_4.jpg","images\Impressionism\Gustave-Caillebotte_0.jpg","images\Impressionism\Gustave-Caillebotte_1.jpg","images\Impressionism\Gustave-Caillebotte_2.jpg","images\Impressionism\Gustave-Caillebotte_3.jpg","images\Impressionism\Gustave-Caillebotte_4.jpg","images\Impressionism\Mary-Cassatt_1.jpg","images\Impressionism\Mary-Cassatt_2.jpg","images\Impressionism\Mary-Cassatt_3.jpg","images\Impressionism\Mary-Cassatt_4.jpg","images\Impressionism\Pierre-Auguste-Renoir_0.jpg","images\Impressionism\Pierre-Auguste-Renoir_1.jpg","images\Impressionism\Pierre-Auguste-Renoir_2.jpg","images\Impressionism\Pierre-Auguste-Renoir_3.jpg","images\Impressionism\Pierre-Auguste-Renoir_4.jpg","images\Kinetic art\George-Rickey_0.jpg","images\Kinetic art\George-Rickey_1.jpg","images\Kinetic art\George-Rickey_2.jpg","images\Kinetic art\George-Rickey_4.jpg","images\Kinetic art\Getulio-Alviani_0.jpg","images\Kinetic art\Getulio-Alviani_1.jpg","images\Kinetic art\Getulio-Alviani_2.jpg","images\Kinetic art\Getulio-Alviani_3.jpg","images\Kinetic art\Getulio-Alviani_4.jpg","images\Land art\Michael-Heizer_0.jpg","images\Land art\Michael-Heizer_1.jpg","images\Land art\Michael-Heizer_2.jpg","images\Land art\Michael-Heizer_3.jpg","images\Land art\Michael-Heizer_4.jpg","images\Land art\Richard-Long_0.jpg","images\Land art\Richard-Long_1.jpg","images\Land art\Richard-Long_4.jpg","images\Land art\Robert-Smithson_0.jpg","images\Land art\Robert-Smithson_1.jpg","images\Land art\Robert-Smithson_2.jpg","images\Land art\Robert-Smithson_3.jpg","images\Land art\Robert-Smithson_4.jpg","images\Les Automatistes\Jean-Paul-Mousseau_0.jpg","images\Les Automatistes\Jean-Paul-Mousseau_1.jpg","images\Les Automatistes\Jean-Paul-Mousseau_3.jpg","images\Les Automatistes\Jean-Paul-Mousseau_4.jpg","images\Les Automatistes\Jean-Paul-Riopelle_0.jpg"
"images\Les Automatistes\Jean-Paul-Riopelle_1.jpg","images\Les Automatistes\Jean-Paul-Riopelle_2.jpg","images\Les Automatistes\Jean-Paul-Riopelle_3.jpg","images\Les Automatistes\Jean-Paul-Riopelle_4.jpg","images\Les Nabis\Edouard-Vuillard_0.jpg","images\Les Nabis\Edouard-Vuillard_1.jpg","images\Les Nabis\Edouard-Vuillard_3.jpg","images\Les Nabis\Edouard-Vuillard_4.jpg","images\Les Nabis\Felix-Vallotton_0.jpg","images\Les Nabis\Felix-Vallotton_1.jpg","images\Les Nabis\Felix-Vallotton_2.jpg","images\Les Nabis\Felix-Vallotton_3.jpg","images\Les Nabis\Maurice-Denis_0.jpg","images\Les Nabis\Maurice-Denis_1.jpg","images\Les Nabis\Maurice-Denis_2.jpg","images\Les Nabis\Maurice-Denis_3.jpg","images\Les Nabis\Maurice-Denis_4.jpg","images\Les Nabis\Paul-Gauguin_1.jpg","images\Les Nabis\Paul-Gauguin_2.jpg","images\Les Nabis\Paul-Gauguin_3.jpg","images\Les Nabis\Paul-Gauguin_4.jpg","images\Les Nabis\Paul-Serusier_0.jpg","images\Les Nabis\Paul-Serusier_1.jpg","images\Les Nabis\Paul-Serusier_2.jpg","images\Les Nabis\Paul-Serusier_3.jpg","images\Les Nabis\Paul-Serusier_4.jpg","images\Les Nabis\Pierre-Bonnard_0.jpg","images\Les Nabis\Pierre-Bonnard_1.jpg","images\Les Nabis\Pierre-Bonnard_3.jpg","images\Les Nabis\Pierre-Bonnard_4.jpg","images\Lyrical abstraction\Dan-Christensen_0.jpg","images\Lyrical abstraction\Dan-Christensen_1.jpg","images\Lyrical abstraction\Dan-Christensen_2.jpg","images\Lyrical abstraction\Dan-Christensen_3.jpg","images\Lyrical abstraction\Dan-Christensen_4.jpg","images\Lyrical abstraction\Larry-Poons_0.jpg","images\Lyrical abstraction\Larry-Poons_2.jpg","images\Lyrical abstraction\Larry-Poons_3.jpg","images\Lyrical abstraction\Larry-Poons_4.jpg","images\Lyrical abstraction\Larry-Zox_0.jpg","images\Lyrical abstraction\Larry-Zox_1.jpg","images\Lyrical abstraction\Larry-Zox_2.jpg","images\Lyrical abstraction\Larry-Zox_3.jpg","images\Lyrical abstraction\Natvar-Bhavsar_0.jpg","images\Lyrical abstraction\Natvar-Bhavsar_1.jpg","images\Lyrical abstraction\Natvar-Bhavsar_2.jpg","images\Lyrical abstraction\Natvar-Bhavsar_3.jpg","images\Lyrical abstraction\Natvar-Bhavsar_4.jpg","images\Lyrical abstraction\Ronnie-Landfield_0.jpg","images\Lyrical abstraction\Ronnie-Landfield_1.jpg","images\Lyrical abstraction\Ronnie-Landfield_3.jpg","images\Lyrical abstraction\Ronnie-Landfield_4.jpg","images\Lyrical abstraction\Sam-Gilliam_1.jpg","images\Lyrical abstraction\Sam-Gilliam_3.jpg","images\Lyrical abstraction\Sam-Gilliam_4.jpg","images\Mexican Muralism\Diego-Rivera_0.jpg","images\Mexican Muralism\Diego-Rivera_1.jpg","images\Mexican Muralism\Diego-Rivera_2.jpg","images\Mexican Muralism\Diego-Rivera_3.jpg","images\Mexican Muralism\Diego-Rivera_4.jpg","images\Minimal art\Agnes-Martin_0.jpg","images\Minimal art\Agnes-Martin_1.jpg","images\Minimal art\Agnes-Martin_2.jpg","images\Minimal art\Agnes-Martin_3.jpg"
"images\Minimal art\Agnes-Martin_4.jpg","images\Minimal art\Dan-Flavin_0.jpg","images\Minimal art\Dan-Flavin_1.jpg","images\Minimal art\Dan-Flavin_3.jpg","images\Minimal art\Dan-Flavin_4.jpg","images\Minimal art\Donald-Judd_0.jpg","images\Minimal art\Donald-Judd_1.jpg","images\Minimal art\Donald-Judd_2.jpg","images\Minimal art\Donald-Judd_3.jpg","images\Minimal art\Richard-Serra_0.jpg","images\Minimal art\Richard-Serra_1.jpg","images\Minimal art\Richard-Serra_2.jpg","images\Minimal art\Richard-Serra_3.jpg","images\Minimal art\Richard-Serra_4.jpg","images\Minimal art\Sol-LeWitt_0.jpg","images\Minimal art\Sol-LeWitt_1.jpg","images\Minimal art\Sol-LeWitt_2.jpg","images\Minimal art\Sol-LeWitt_3.jpg","images\Minimal art\Sol-LeWitt_4.jpg","images\Minimalism\Agnes-Martin_0.jpg","images\Minimalism\Agnes-Martin_1.jpg","images\Minimalism\Agnes-Martin_2.jpg","images\Minimalism\Agnes-Martin_3.jpg","images\Minimalism\Agnes-Martin_4.jpg","images\Minimalism\Carl-Andre_0.jpg","images\Minimalism\Carl-Andre_1.jpg","images\Minimalism\Carl-Andre_2.jpg","images\Minimalism\Carl-Andre_3.jpg","images\Minimalism\Carl-Andre_4.jpg","images\Minimalism\Dan-Flavin_0.jpg","images\Minimalism\Dan-Flavin_1.jpg","images\Minimalism\Dan-Flavin_3.jpg","images\Minimalism\Dan-Flavin_4.jpg","images\Minimalism\Donald-Judd_0.jpg","images\Minimalism\Donald-Judd_1.jpg","images\Minimalism\Donald-Judd_2.jpg","images\Minimalism\Donald-Judd_3.jpg","images\Minimalism\Frank-Stella_0.jpg","images\Minimalism\Frank-Stella_1.jpg","images\Minimalism\Frank-Stella_2.jpg","images\Minimalism\Frank-Stella_3.jpg","images\Minimalism\Frank-Stella_4.jpg","images\Minimalism\Kenneth-Noland_0.jpg","images\Minimalism\Kenneth-Noland_1.jpg","images\Minimalism\Kenneth-Noland_2.jpg","images\Minimalism\Kenneth-Noland_3.jpg","images\Minimalism\Kenneth-Noland_4.jpg","images\Minimalism\Richard-Serra_0.jpg","images\Minimalism\Richard-Serra_1.jpg","images\Minimalism\Richard-Serra_2.jpg","images\Minimalism\Richard-Serra_3.jpg","images\Minimalism\Richard-Serra_4.jpg","images\Minimalism\Robert-Irwin_0.jpg","images\Minimalism\Robert-Irwin_1.jpg","images\Minimalism\Robert-Irwin_2.jpg","images\Minimalism\Robert-Irwin_3.jpg","images\Minimalism\Robert-Irwin_4.jpg","images\Minimalism\Robert-Morris_0.jpg","images\Minimalism\Robert-Morris_1.jpg","images\Minimalism\Robert-Morris_2.jpg","images\Minimalism\Robert-Morris_3.jpg","images\Minimalism\Sol-LeWitt_0.jpg","images\Minimalism\Sol-LeWitt_1.jpg","images\Minimalism\Sol-LeWitt_2.jpg"
"images\Minimalism\Sol-LeWitt_3.jpg","images\Minimalism\Sol-LeWitt_4.jpg","images\Modernist\Aristide-Maillol_0.jpg","images\Modernist\Aristide-Maillol_1.jpg","images\Modernist\Aristide-Maillol_2.jpg","images\Modernist\Aristide-Maillol_3.jpg","images\Modernist\Auguste-Rodin_0.jpg","images\Modernist\Auguste-Rodin_1.jpg","images\Modernist\Auguste-Rodin_2.jpg","images\Modernist\Auguste-Rodin_3.jpg","images\Modernist\Auguste-Rodin_4.jpg","images\Neo-Dada\Edward-Kienholz_0.jpg","images\Neo-Dada\Edward-Kienholz_3.jpg","images\Neo-Dada\Edward-Kienholz_4.jpg","images\Neo-Dada\Jasper-Johns_0.jpg","images\Neo-Dada\Jasper-Johns_1.jpg","images\Neo-Dada\Jasper-Johns_2.jpg","images\Neo-Dada\Jasper-Johns_3.jpg","images\Neo-Dada\Jasper-Johns_4.jpg","images\Neo-Dada\John-Chamberlain_0.jpg","images\Neo-Dada\John-Chamberlain_1.jpg","images\Neo-Dada\John-Chamberlain_2.jpg","images\Neo-Dada\John-Chamberlain_3.jpg","images\Neo-Dada\John-Chamberlain_4.jpg","images\Neo-Dada\Joseph-Beuys_0.jpg","images\Neo-Dada\Joseph-Beuys_2.jpg","images\Neo-Dada\Joseph-Beuys_3.jpg","images\Neo-Dada\Joseph-Beuys_4.jpg","images\Neo-Dada\Lee-Bontecou_0.jpg","images\Neo-Dada\Lee-Bontecou_1.jpg","images\Neo-Dada\Lee-Bontecou_2.jpg","images\Neo-Dada\Lee-Bontecou_3.jpg","images\Neo-Dada\Lee-Bontecou_4.jpg","images\Neo-Dada\Robert-Rauschenberg_0.jpg","images\Neo-Dada\Robert-Rauschenberg_1.jpg","images\Neo-Dada\Robert-Rauschenberg_2.jpg","images\Neo-Dada\Robert-Rauschenberg_3.jpg","images\Neo-Dada\Robert-Rauschenberg_4.jpg","images\Neo-Expressionism\Anselm-Kiefer_0.jpg","images\Neo-Expressionism\Anselm-Kiefer_1.jpg","images\Neo-Expressionism\Anselm-Kiefer_2.jpg","images\Neo-Expressionism\Anselm-Kiefer_3.jpg","images\Neo-Expressionism\David-Salle_1.jpg","images\Neo-Expressionism\David-Salle_2.jpg","images\Neo-Expressionism\David-Salle_3.jpg","images\Neo-Expressionism\David-Salle_4.jpg","images\Neo-Expressionism\Eric-Fischl_0.jpg","images\Neo-Expressionism\Eric-Fischl_1.jpg","images\Neo-Expressionism\Eric-Fischl_2.jpg","images\Neo-Expressionism\Eric-Fischl_3.jpg","images\Neo-Expressionism\Eric-Fischl_4.jpg","images\Neo-Expressionism\Francesco-Clemente_0.jpg","images\Neo-Expressionism\Francesco-Clemente_1.jpg","images\Neo-Expressionism\Francesco-Clemente_2.jpg","images\Neo-Expressionism\Francesco-Clemente_3.jpg","images\Neo-Expressionism\Francesco-Clemente_4.jpg","images\Neo-Expressionism\Georg-Baselitz_0.jpg","images\Neo-Expressionism\Georg-Baselitz_1.jpg","images\Neo-Expressionism\Georg-Baselitz_2.jpg","images\Neo-Expressionism\Georg-Baselitz_3.jpg","images\Neo-Expressionism\Georg-Baselitz_4.jpg","images\Neo-Expressionism\Jean-Michel-Basquiat_0.jpg","images\Neo-Expressionism\Jean-Michel-Basquiat_1.jpg","images\Neo-Expressionism\Jean-Michel-Basquiat_2.jpg"
"images\Neo-Expressionism\Jean-Michel-Basquiat_3.jpg","images\Neo-Expressionism\Jean-Michel-Basquiat_4.jpg","images\Neo-Expressionism\Jorg-Immendorff_0.jpg","images\Neo-Expressionism\Jorg-Immendorff_1.jpg","images\Neo-Expressionism\Jorg-Immendorff_2.jpg","images\Neo-Expressionism\Jorg-Immendorff_3.jpg","images\Neo-Expressionism\Jorg-Immendorff_4.jpg","images\Neo-Expressionism\Julian-Schnabel_0.jpg","images\Neo-Expressionism\Julian-Schnabel_1.jpg","images\Neo-Expressionism\Julian-Schnabel_2.jpg","images\Neo-Expressionism\Julian-Schnabel_3.jpg","images\Neo-Expressionism\Julian-Schnabel_4.jpg","images\Neo-Expressionism\Philip-Guston_0.jpg","images\Neo-Expressionism\Philip-Guston_1.jpg","images\Neo-Expressionism\Philip-Guston_2.jpg","images\Neo-Expressionism\Philip-Guston_3.jpg","images\Neo-Expressionism\Philip-Guston_4.jpg","images\Neo-Impressionism\Camille-Pissarro_0.jpg","images\Neo-Impressionism\Camille-Pissarro_1.jpg","images\Neo-Impressionism\Camille-Pissarro_2.jpg","images\Neo-Impressionism\Camille-Pissarro_3.jpg","images\Neo-Impressionism\Camille-Pissarro_4.jpg","images\Neo-Impressionism\Georges-Seurat_0.jpg","images\Neo-Impressionism\Georges-Seurat_1.jpg","images\Neo-Impressionism\Georges-Seurat_2.jpg","images\Neo-Impressionism\Georges-Seurat_3.jpg","images\Neo-Impressionism\Georges-Seurat_4.jpg","images\Neo-Impressionism\Henri-Edmond-Cross_0.jpg","images\Neo-Impressionism\Henri-Edmond-Cross_1.jpg","images\Neo-Impressionism\Henri-Edmond-Cross_2.jpg","images\Neo-Impressionism\Henri-Edmond-Cross_3.jpg","images\Neo-Impressionism\Henri-Edmond-Cross_4.jpg","images\Neo-Impressionism\Henri-Matisse_0.jpg","images\Neo-Impressionism\Henri-Matisse_1.jpg","images\Neo-Impressionism\Henri-Matisse_2.jpg","images\Neo-Impressionism\Henri-Matisse_3.jpg","images\Neo-Impressionism\Henri-Matisse_4.jpg","images\Neo-Impressionism\Jean-Metzinger_0.jpg","images\Neo-Impressionism\Jean-Metzinger_1.jpg","images\Neo-Impressionism\Jean-Metzinger_2.jpg","images\Neo-Impressionism\Jean-Metzinger_3.jpg","images\Neo-Impressionism\Jean-Metzinger_4.jpg","images\Neo-Impressionism\Paul-Signac_0.jpg","images\Neo-Impressionism\Paul-Signac_1.jpg","images\Neo-Impressionism\Paul-Signac_2.jpg","images\Neo-Impressionism\Paul-Signac_3.jpg","images\Neo-Impressionism\Paul-Signac_4.jpg","images\Neo-Plasticism\Piet-Mondrian_0.jpg","images\Neo-Plasticism\Piet-Mondrian_1.jpg","images\Neo-Plasticism\Piet-Mondrian_2.jpg","images\Neo-Plasticism\Piet-Mondrian_3.jpg","images\Neo-figurative art\Antonio-Berni_0.jpg","images\Neo-figurative art\Antonio-Berni_1.jpg","images\Neo-figurative art\Antonio-Berni_2.jpg","images\Neo-figurative art\Antonio-Berni_3.jpg","images\Neo-figurative art\Antonio-Berni_4.jpg","images\Neo-figurative art\Fernando-Botero_0.jpg","images\Neo-figurative art\Fernando-Botero_1.jpg","images\Neo-figurative art\Fernando-Botero_2.jpg","images\Neo-figurative art\Fernando-Botero_3.jpg","images\Neo-figurative art\Fernando-Botero_4.jpg","images\New European Painting\Bracha-Ettinger_0.jpg","images\New European Painting\Bracha-Ettinger_1.jpg","images\New European Painting\Bracha-Ettinger_2.jpg"
"images\New European Painting\Bracha-Ettinger_3.jpg","images\New European Painting\Bracha-Ettinger_4.jpg","images\New European Painting\Chris-Ofili_0.jpg","images\New European Painting\Chris-Ofili_1.jpg","images\New European Painting\Chris-Ofili_3.jpg","images\New European Painting\Chris-Ofili_4.jpg","images\New European Painting\Luc-Tuymans_0.jpg","images\New European Painting\Luc-Tuymans_1.jpg","images\New European Painting\Luc-Tuymans_2.jpg","images\New European Painting\Luc-Tuymans_3.jpg","images\New European Painting\Luc-Tuymans_4.jpg","images\New European Painting\Marlene-Dumas_0.jpg","images\New European Painting\Marlene-Dumas_1.jpg","images\New European Painting\Marlene-Dumas_2.jpg","images\New European Painting\Marlene-Dumas_3.jpg","images\New European Painting\Marlene-Dumas_4.jpg","images\New European Painting\Michael-Borremans_0.jpg","images\New European Painting\Michael-Borremans_1.jpg","images\New European Painting\Michael-Borremans_2.jpg","images\New European Painting\Michael-Borremans_4.jpg","images\New European Painting\Neo-Rauch_0.jpg","images\New European Painting\Neo-Rauch_1.jpg","images\New European Painting\Neo-Rauch_2.jpg","images\New European Painting\Neo-Rauch_3.jpg","images\New European Painting\Neo-Rauch_4.jpg","images\New Objectivity\George-Grosz_0.jpg","images\New Objectivity\George-Grosz_1.jpg","images\New Objectivity\George-Grosz_2.jpg","images\New Objectivity\George-Grosz_3.jpg","images\New Objectivity\George-Grosz_4.jpg","images\New Objectivity\Max-Beckmann_0.jpg","images\New Objectivity\Max-Beckmann_2.jpg","images\New Objectivity\Max-Beckmann_3.jpg","images\New Objectivity\Otto-Dix_0.jpg","images\New Objectivity\Otto-Dix_1.jpg","images\New Objectivity\Otto-Dix_2.jpg","images\New Objectivity\Otto-Dix_3.jpg","images\New Objectivity\Otto-Dix_4.jpg","images\New realism\Yves-Klein_0.jpg","images\New realism\Yves-Klein_1.jpg","images\New realism\Yves-Klein_2.jpg","images\New realism\Yves-Klein_4.jpg","images\Op art\Bridget-Riley_0.jpg","images\Op art\Bridget-Riley_1.jpg","images\Op art\Bridget-Riley_2.jpg","images\Op art\Bridget-Riley_3.jpg","images\Op art\Bridget-Riley_4.jpg","images\Op art\Richard-Anuszkiewicz_0.jpg","images\Op art\Richard-Anuszkiewicz_1.jpg","images\Op art\Richard-Anuszkiewicz_2.jpg","images\Op art\Richard-Anuszkiewicz_3.jpg","images\Op art\Richard-Anuszkiewicz_4.jpg","images\Op art\Victor-Vasarely_0.jpg","images\Op art\Victor-Vasarely_1.jpg","images\Op art\Victor-Vasarely_2.jpg","images\Op art\Victor-Vasarely_3.jpg","images\Op art\Victor-Vasarely_4.jpg","images\Orphism\Frantisek-Kupka_0.jpg","images\Orphism\Frantisek-Kupka_1.jpg","images\Orphism\Frantisek-Kupka_2.jpg","images\Orphism\Frantisek-Kupka_3.jpg","images\Orphism\Robert-Delaunay_0.jpg","images\Orphism\Robert-Delaunay_1.jpg","images\Orphism\Robert-Delaunay_2.jpg"
"images\Orphism\Robert-Delaunay_3.jpg","images\Orphism\Robert-Delaunay_4.jpg","images\Orphism\Sonia-Delaunay_0.jpg","images\Orphism\Sonia-Delaunay_1.jpg","images\Orphism\Sonia-Delaunay_2.jpg","images\Orphism\Sonia-Delaunay_3.jpg","images\Orphism\Sonia-Delaunay_4.jpg","images\Outsider art\Grandma-Moses_0.jpg","images\Outsider art\Grandma-Moses_1.jpg","images\Outsider art\Grandma-Moses_2.jpg","images\Outsider art\Grandma-Moses_3.jpg","images\Outsider art\Grandma-Moses_4.jpg","images\Outsider art\Howard-Finster_0.jpg","images\Outsider art\Howard-Finster_2.jpg","images\Outsider art\Howard-Finster_4.jpg","images\Photorealism\Audrey-Flack_0.jpg","images\Photorealism\Audrey-Flack_1.jpg","images\Photorealism\Audrey-Flack_2.jpg","images\Photorealism\Audrey-Flack_3.jpg","images\Photorealism\Audrey-Flack_4.jpg","images\Photorealism\Chuck-Close_0.jpg","images\Photorealism\Chuck-Close_1.jpg","images\Photorealism\Chuck-Close_2.jpg","images\Photorealism\Chuck-Close_3.jpg","images\Photorealism\Chuck-Close_4.jpg","images\Photorealism\Duane-Hanson_0.jpg","images\Photorealism\Duane-Hanson_1.jpg","images\Photorealism\Duane-Hanson_2.jpg","images\Photorealism\Duane-Hanson_4.jpg","images\Photorealism\Malcolm-Morley_0.jpg","images\Photorealism\Malcolm-Morley_1.jpg","images\Photorealism\Malcolm-Morley_2.jpg","images\Photorealism\Malcolm-Morley_3.jpg","images\Photorealism\Malcolm-Morley_4.jpg","images\Photorealism\Richard-Estes_0.jpg","images\Photorealism\Richard-Estes_2.jpg","images\Photorealism\Richard-Estes_3.jpg","images\Photorealism\Richard-Estes_4.jpg","images\Pittura Metafisica\Carlo-Carra_0.jpg","images\Pittura Metafisica\Carlo-Carra_2.jpg","images\Pittura Metafisica\Carlo-Carra_3.jpg","images\Pittura Metafisica\Carlo-Carra_4.jpg","images\Pittura Metafisica\Giorgio-Morandi_0.jpg","images\Pittura Metafisica\Giorgio-Morandi_1.jpg","images\Pittura Metafisica\Giorgio-Morandi_2.jpg","images\Pittura Metafisica\Giorgio-Morandi_3.jpg","images\Pittura Metafisica\Giorgio-Morandi_4.jpg","images\Pointillism\Georges-Seurat_0.jpg","images\Pointillism\Georges-Seurat_1.jpg","images\Pointillism\Georges-Seurat_2.jpg","images\Pointillism\Georges-Seurat_3.jpg","images\Pointillism\Georges-Seurat_4.jpg","images\Pointillism\Henri-Edmond-Cross_0.jpg","images\Pointillism\Henri-Edmond-Cross_1.jpg","images\Pointillism\Henri-Edmond-Cross_2.jpg","images\Pointillism\Henri-Edmond-Cross_3.jpg","images\Pointillism\Henri-Edmond-Cross_4.jpg","images\Pointillism\Maximilien-Luce_0.jpg","images\Pointillism\Maximilien-Luce_1.jpg","images\Pointillism\Maximilien-Luce_2.jpg","images\Pointillism\Maximilien-Luce_3.jpg","images\Pointillism\Maximilien-Luce_4.jpg","images\Pointillism\Paul-Signac_0.jpg","images\Pointillism\Paul-Signac_1.jpg"
"images\Pointillism\Paul-Signac_2.jpg","images\Pointillism\Paul-Signac_3.jpg","images\Pointillism\Paul-Signac_4.jpg","images\Pop Art\Andy-Warhol_0.jpg","images\Pop Art\Andy-Warhol_1.jpg","images\Pop Art\Andy-Warhol_2.jpg","images\Pop Art\Andy-Warhol_3.jpg","images\Pop Art\Andy-Warhol_4.jpg","images\Pop Art\David-Hockney_0.jpg","images\Pop Art\David-Hockney_1.jpg","images\Pop Art\David-Hockney_2.jpg","images\Pop Art\David-Hockney_3.jpg","images\Pop Art\David-Hockney_4.jpg","images\Pop Art\Ed-Ruscha_0.jpg","images\Pop Art\Ed-Ruscha_1.jpg","images\Pop Art\Ed-Ruscha_2.jpg","images\Pop Art\Ed-Ruscha_3.jpg","images\Pop Art\Ed-Ruscha_4.jpg","images\Pop Art\Jasper-Johns_0.jpg","images\Pop Art\Jasper-Johns_1.jpg","images\Pop Art\Jasper-Johns_2.jpg","images\Pop Art\Jasper-Johns_3.jpg","images\Pop Art\Jasper-Johns_4.jpg","images\Pop Art\Richard-Hamilton_0.jpg","images\Pop Art\Richard-Hamilton_1.jpg","images\Pop Art\Richard-Hamilton_2.jpg","images\Pop Art\Richard-Hamilton_3.jpg","images\Pop Art\Richard-Hamilton_4.jpg","images\Pop Art\Robert-Indiana_0.jpg","images\Pop Art\Robert-Indiana_1.jpg","images\Pop Art\Robert-Indiana_2.jpg","images\Pop Art\Robert-Indiana_3.jpg","images\Pop Art\Robert-Indiana_4.jpg","images\Pop Art\Robert-Rauschenberg_0.jpg","images\Pop Art\Robert-Rauschenberg_1.jpg","images\Pop Art\Robert-Rauschenberg_2.jpg","images\Pop Art\Robert-Rauschenberg_3.jpg","images\Pop Art\Robert-Rauschenberg_4.jpg","images\Pop Art\Roy-Lichtenstein_0.jpg","images\Pop Art\Roy-Lichtenstein_1.jpg","images\Pop Art\Roy-Lichtenstein_2.jpg","images\Pop Art\Roy-Lichtenstein_3.jpg","images\Post-Painterly Abstraction\Al-Held_0.jpg","images\Post-Painterly Abstraction\Al-Held_1.jpg","images\Post-Painterly Abstraction\Al-Held_2.jpg","images\Post-Painterly Abstraction\Al-Held_4.jpg","images\Post-Painterly Abstraction\Ellsworth-Kelly_0.jpg","images\Post-Painterly Abstraction\Ellsworth-Kelly_1.jpg","images\Post-Painterly Abstraction\Ellsworth-Kelly_2.jpg","images\Post-Painterly Abstraction\Ellsworth-Kelly_3.jpg","images\Post-Painterly Abstraction\Ellsworth-Kelly_4.jpg","images\Post-Painterly Abstraction\Frank-Stella_0.jpg","images\Post-Painterly Abstraction\Frank-Stella_1.jpg","images\Post-Painterly Abstraction\Frank-Stella_2.jpg","images\Post-Painterly Abstraction\Frank-Stella_3.jpg","images\Post-Painterly Abstraction\Frank-Stella_4.jpg","images\Post-Painterly Abstraction\Helen-Frankenthaler_0.jpg","images\Post-Painterly Abstraction\Helen-Frankenthaler_1.jpg","images\Post-Painterly Abstraction\Helen-Frankenthaler_2.jpg","images\Post-Painterly Abstraction\Helen-Frankenthaler_3.jpg","images\Post-Painterly Abstraction\Helen-Frankenthaler_4.jpg","images\Post-Painterly Abstraction\Jules-Olitski_0.jpg","images\Post-Painterly Abstraction\Jules-Olitski_1.jpg","images\Post-Painterly Abstraction\Jules-Olitski_2.jpg"
"images\Post-Painterly Abstraction\Kenneth-Noland_0.jpg","images\Post-Painterly Abstraction\Kenneth-Noland_1.jpg","images\Post-Painterly Abstraction\Kenneth-Noland_2.jpg","images\Post-Painterly Abstraction\Kenneth-Noland_3.jpg","images\Post-Painterly Abstraction\Kenneth-Noland_4.jpg","images\Post-Painterly Abstraction\Morris-Louis_0.jpg","images\Post-Painterly Abstraction\Morris-Louis_1.jpg","images\Post-Painterly Abstraction\Morris-Louis_3.jpg","images\Post-Painterly Abstraction\Morris-Louis_4.jpg","images\Post-Painterly Abstraction\Sam-Francis_1.jpg","images\Post-Painterly Abstraction\Sam-Francis_2.jpg","images\Post-Painterly Abstraction\Sam-Francis_3.jpg","images\Post-Painterly Abstraction\Sam-Francis_4.jpg","images\Post-impressionism\Albert-Lebourg_1.jpg","images\Post-impressionism\Albert-Lebourg_2.jpg","images\Post-impressionism\Albert-Lebourg_3.jpg","images\Post-impressionism\Albert-Lebourg_4.jpg","images\Post-impressionism\Edouard-Vuillard_0.jpg","images\Post-impressionism\Edouard-Vuillard_1.jpg","images\Post-impressionism\Edouard-Vuillard_3.jpg","images\Post-impressionism\Edouard-Vuillard_4.jpg","images\Post-impressionism\Georges-Seurat_0.jpg","images\Post-impressionism\Georges-Seurat_1.jpg","images\Post-impressionism\Georges-Seurat_2.jpg","images\Post-impressionism\Georges-Seurat_3.jpg","images\Post-impressionism\Georges-Seurat_4.jpg","images\Post-impressionism\Henri-Rousseau_0.jpg","images\Post-impressionism\Henri-Rousseau_1.jpg","images\Post-impressionism\Henri-Rousseau_2.jpg","images\Post-impressionism\Henri-Rousseau_3.jpg","images\Post-impressionism\Henri-Rousseau_4.jpg","images\Post-impressionism\Paul-Cezanne_0.jpg","images\Post-impressionism\Paul-Cezanne_1.jpg","images\Post-impressionism\Paul-Cezanne_2.jpg","images\Post-impressionism\Paul-Cezanne_3.jpg","images\Post-impressionism\Paul-Cezanne_4.jpg","images\Post-impressionism\Paul-Gauguin_1.jpg","images\Post-impressionism\Paul-Gauguin_2.jpg","images\Post-impressionism\Paul-Gauguin_3.jpg","images\Post-impressionism\Paul-Gauguin_4.jpg","images\Post-impressionism\Pierre-Bonnard_0.jpg","images\Post-impressionism\Pierre-Bonnard_1.jpg","images\Post-impressionism\Pierre-Bonnard_3.jpg","images\Post-impressionism\Pierre-Bonnard_4.jpg","images\Postminimalism\Bruce-Nauman_0.jpg","images\Postminimalism\Bruce-Nauman_1.jpg","images\Postminimalism\Bruce-Nauman_2.jpg","images\Postminimalism\Bruce-Nauman_3.jpg","images\Postminimalism\Bruce-Nauman_4.jpg","images\Postminimalism\Eva-Hesse_1.jpg","images\Postminimalism\Eva-Hesse_2.jpg","images\Postminimalism\Eva-Hesse_3.jpg","images\Postminimalism\Eva-Hesse_4.jpg","images\Postminimalism\Lynda-Benglis_0.jpg","images\Postminimalism\Lynda-Benglis_1.jpg","images\Postminimalism\Lynda-Benglis_2.jpg","images\Postminimalism\Lynda-Benglis_4.jpg","images\Postwar\Francis-Bacon_0.jpg","images\Postwar\Francis-Bacon_1.jpg","images\Postwar\Francis-Bacon_2.jpg","images\Postwar\Francis-Bacon_3.jpg","images\Postwar\Francis-Bacon_4.jpg","images\Postwar\Frank-Auerbach_0.jpg","images\Postwar\Frank-Auerbach_1.jpg"
"images\Postwar\Frank-Auerbach_2.jpg","images\Postwar\Frank-Auerbach_3.jpg","images\Postwar\Frank-Auerbach_4.jpg","images\Postwar\Gerhard-Richter_0.jpg","images\Postwar\Gerhard-Richter_2.jpg","images\Postwar\Gerhard-Richter_3.jpg","images\Postwar\Gerhard-Richter_4.jpg","images\Postwar\Lucian-Freud_0.jpg","images\Postwar\Lucian-Freud_1.jpg","images\Postwar\Lucian-Freud_2.jpg","images\Postwar\Lucian-Freud_3.jpg","images\Postwar\Lucian-Freud_4.jpg","images\Precisionism\Charles-Demuth_1.jpg","images\Precisionism\Charles-Demuth_2.jpg","images\Precisionism\Charles-Demuth_3.jpg","images\Precisionism\Charles-Demuth_4.jpg","images\Precisionism\Charles-Sheeler_0.jpg","images\Precisionism\Charles-Sheeler_1.jpg","images\Precisionism\Charles-Sheeler_2.jpg","images\Precisionism\Charles-Sheeler_3.jpg","images\Precisionism\Charles-Sheeler_4.jpg","images\Rayonism\Natalia-Goncharova_1.jpg","images\Rayonism\Natalia-Goncharova_3.jpg","images\Rayonism\Natalia-Goncharova_4.jpg","images\Realism\Edouard-Manet_0.jpg","images\Realism\Edouard-Manet_1.jpg","images\Realism\Edouard-Manet_2.jpg","images\Realism\Edouard-Manet_3.jpg","images\Realism\Edouard-Manet_4.jpg","images\Realism\Gustave-Courbet_0.jpg","images\Realism\Gustave-Courbet_1.jpg","images\Realism\Gustave-Courbet_2.jpg","images\Realism\Gustave-Courbet_3.jpg","images\Realism\Gustave-Courbet_4.jpg","images\Realism\Honore-Daumier_0.jpg","images\Realism\Honore-Daumier_1.jpg","images\Realism\Honore-Daumier_2.jpg","images\Realism\Honore-Daumier_3.jpg","images\Realism\Honore-Daumier_4.jpg","images\Realism\Jean-Francois-Millet_0.jpg","images\Realism\Jean-Francois-Millet_1.jpg","images\Realism\Jean-Francois-Millet_2.jpg","images\Realism\Jean-Francois-Millet_3.jpg","images\Realism\Jean-Francois-Millet_4.jpg","images\Realism\Thomas-Eakins_0.jpg","images\Realism\Thomas-Eakins_1.jpg","images\Realism\Thomas-Eakins_2.jpg","images\Realism\Thomas-Eakins_3.jpg","images\Romanticism\Eugene-Delacroix_0.jpg","images\Romanticism\Eugene-Delacroix_1.jpg","images\Romanticism\Eugene-Delacroix_2.jpg","images\Romanticism\Eugene-Delacroix_3.jpg","images\Romanticism\Eugene-Delacroix_4.jpg","images\Romanticism\Jean-Auguste-Dominique-Ingres_0.jpg","images\Romanticism\Jean-Auguste-Dominique-Ingres_1.jpg","images\Romanticism\Jean-Auguste-Dominique-Ingres_2.jpg","images\Romanticism\Jean-Auguste-Dominique-Ingres_3.jpg","images\Russian Futurism\Natalia-Goncharova_1.jpg","images\Russian Futurism\Natalia-Goncharova_3.jpg","images\Russian Futurism\Natalia-Goncharova_4.jpg","images\Sculpture\Alberto-Giacometti_1.jpg","images\Sculpture\Alberto-Giacometti_2.jpg","images\Sculpture\Alberto-Giacometti_4.jpg","images\Sculpture\Alexander-Archipenko_1.jpg"
"images\Sculpture\Alexander-Archipenko_2.jpg","images\Sculpture\Alexander-Archipenko_3.jpg","images\Sculpture\Alexander-Calder_0.jpg","images\Sculpture\Alexander-Calder_1.jpg","images\Sculpture\Alexander-Calder_2.jpg","images\Sculpture\Alexander-Calder_3.jpg","images\Sculpture\Alexander-Calder_4.jpg","images\Sculpture\Chaim-Gross_3.jpg","images\Sculpture\Chaim-Gross_4.jpg","images\Sculpture\Chana-Orloff_1.jpg","images\Sculpture\Chana-Orloff_2.jpg","images\Sculpture\Chana-Orloff_3.jpg","images\Sculpture\Constantin-Brancusi_0.jpg","images\Sculpture\Constantin-Brancusi_1.jpg","images\Sculpture\Constantin-Brancusi_3.jpg","images\Sculpture\David-Smith_1.jpg","images\Sculpture\David-Smith_2.jpg","images\Sculpture\David-Smith_3.jpg","images\Sculpture\David-Smith_4.jpg","images\Sculpture\Elie-Nadelman_2.jpg","images\Sculpture\Elie-Nadelman_3.jpg","images\Sculpture\Gaston-Lachaise_0.jpg","images\Sculpture\Gaston-Lachaise_1.jpg","images\Sculpture\Gaston-Lachaise_2.jpg","images\Sculpture\Gaston-Lachaise_3.jpg","images\Sculpture\Gaston-Lachaise_4.jpg","images\Sculpture\Henri-Laurens_0.jpg","images\Sculpture\Henri-Laurens_1.jpg","images\Sculpture\Henri-Laurens_2.jpg","images\Sculpture\Henri-Laurens_3.jpg","images\Sculpture\Henri-Laurens_4.jpg","images\Sculpture\Henry-Moore_0.jpg","images\Sculpture\Henry-Moore_1.jpg","images\Sculpture\Henry-Moore_2.jpg","images\Sculpture\Henry-Moore_3.jpg","images\Sculpture\Henry-Moore_4.jpg","images\Sculpture\Isaac-Witkin_0.jpg","images\Sculpture\Isaac-Witkin_1.jpg","images\Sculpture\Isaac-Witkin_2.jpg","images\Sculpture\Isaac-Witkin_4.jpg","images\Sculpture\Isamu-Noguchi_0.jpg","images\Sculpture\Isamu-Noguchi_1.jpg","images\Sculpture\Isamu-Noguchi_2.jpg","images\Sculpture\Isamu-Noguchi_3.jpg","images\Sculpture\Isamu-Noguchi_4.jpg","images\Sculpture\Jacob-Epstein_0.jpg","images\Sculpture\Jacob-Epstein_4.jpg","images\Sculpture\Jacques-Lipchitz_1.jpg","images\Sculpture\Jacques-Lipchitz_2.jpg","images\Sculpture\Jacques-Lipchitz_3.jpg","images\Sculpture\Jacques-Lipchitz_4.jpg","images\Sculpture\Jean-Dubuffet_0.jpg","images\Sculpture\Jean-Dubuffet_1.jpg","images\Sculpture\Jean-Dubuffet_3.jpg","images\Sculpture\Jean-Dubuffet_4.jpg","images\Sculpture\Joseph-Csaky_1.jpg","images\Sculpture\Joseph-Csaky_2.jpg","images\Sculpture\Joseph-Csaky_3.jpg","images\Sculpture\Julio-Gonzalez_0.jpg","images\Sculpture\Julio-Gonzalez_1.jpg","images\Sculpture\Julio-Gonzalez_2.jpg","images\Sculpture\Julio-Gonzalez_3.jpg","images\Sculpture\Julio-Gonzalez_4.jpg","images\Sculpture\Louise-Nevelson_0.jpg"
"images\Sculpture\Louise-Nevelson_1.jpg","images\Sculpture\Louise-Nevelson_2.jpg","images\Sculpture\Louise-Nevelson_3.jpg","images\Sculpture\Louise-Nevelson_4.jpg","images\Sculpture\Marino-Marini_0.jpg","images\Sculpture\Marino-Marini_2.jpg","images\Sculpture\Marino-Marini_3.jpg","images\Sculpture\Marino-Marini_4.jpg","images\Sculpture\Ossip-Zadkine_1.jpg","images\Sculpture\Ossip-Zadkine_3.jpg","images\Sculpture\Pablo-Picasso_0.jpg","images\Sculpture\Pablo-Picasso_1.jpg","images\Sculpture\Pablo-Picasso_3.jpg","images\Sculpture\Pablo-Picasso_4.jpg","images\Sculpture\Tony-Smith_0.jpg","images\Sculpture\Tony-Smith_1.jpg","images\Sculpture\Tony-Smith_2.jpg","images\Sculpture\Tony-Smith_3.jpg","images\Sculpture\Tony-Smith_4.jpg","images\Shaped canvas\Frank-Stella_0.jpg","images\Shaped canvas\Frank-Stella_1.jpg","images\Shaped canvas\Frank-Stella_2.jpg","images\Shaped canvas\Frank-Stella_3.jpg","images\Shaped canvas\Frank-Stella_4.jpg","images\Shaped canvas\Kenneth-Noland_0.jpg","images\Shaped canvas\Kenneth-Noland_1.jpg","images\Shaped canvas\Kenneth-Noland_2.jpg","images\Shaped canvas\Kenneth-Noland_3.jpg","images\Shaped canvas\Kenneth-Noland_4.jpg","images\Shaped canvas\Robert-Mangold_0.jpg","images\Shaped canvas\Robert-Mangold_1.jpg","images\Shaped canvas\Robert-Mangold_3.jpg","images\Shaped canvas\Robert-Mangold_4.jpg","images\Social Realism\Ben-Shahn_1.jpg","images\Social Realism\Ben-Shahn_2.jpg","images\Social Realism\Ben-Shahn_3.jpg","images\Social Realism\Ben-Shahn_4.jpg","images\Social Realism\Diego-Rivera_0.jpg","images\Social Realism\Diego-Rivera_1.jpg","images\Social Realism\Diego-Rivera_2.jpg","images\Social Realism\Diego-Rivera_3.jpg","images\Social Realism\Diego-Rivera_4.jpg","images\Social Realism\Grant-Wood_0.jpg","images\Social Realism\Grant-Wood_1.jpg","images\Social Realism\Grant-Wood_2.jpg","images\Social Realism\Grant-Wood_3.jpg","images\Social Realism\Grant-Wood_4.jpg","images\Social Realism\Isamu-Noguchi_0.jpg","images\Social Realism\Isamu-Noguchi_1.jpg","images\Social Realism\Isamu-Noguchi_2.jpg","images\Social Realism\Isamu-Noguchi_3.jpg","images\Social Realism\Isamu-Noguchi_4.jpg","images\Social Realism\Jacob-Lawrence_0.jpg","images\Social Realism\Jacob-Lawrence_1.jpg","images\Social Realism\Jacob-Lawrence_3.jpg","images\Social Realism\Jacob-Lawrence_4.jpg","images\Social Realism\Philip-Evergood_0.jpg","images\Social Realism\Philip-Evergood_1.jpg","images\Social Realism\Philip-Evergood_3.jpg","images\Social Realism\Philip-Evergood_4.jpg","images\Social Realism\Raphael-Soyer_0.jpg","images\Social Realism\Raphael-Soyer_1.jpg","images\Social Realism\Raphael-Soyer_2.jpg","images\Social Realism\Raphael-Soyer_3.jpg"
"images\Social Realism\Raphael-Soyer_4.jpg","images\Social Realism\Walker-Evans_0.jpg","images\Social Realism\Walker-Evans_1.jpg","images\Social Realism\Walker-Evans_2.jpg","images\Social Realism\Walker-Evans_3.jpg","images\Social Realism\Walker-Evans_4.jpg","images\Soviet art\Ilya-Kabakov_0.jpg","images\Soviet art\Ilya-Kabakov_1.jpg","images\Soviet art\Ilya-Kabakov_2.jpg","images\Soviet art\Ilya-Kabakov_3.jpg","images\Soviet art\Ilya-Kabakov_4.jpg","images\Spatialism\Lucio-Fontana_0.jpg","images\Spatialism\Lucio-Fontana_1.jpg","images\Spatialism\Lucio-Fontana_2.jpg","images\Spatialism\Lucio-Fontana_3.jpg","images\Spatialism\Lucio-Fontana_4.jpg","images\Suprematism\Alexander-Rodchenko_0.jpg","images\Suprematism\Alexander-Rodchenko_3.jpg","images\Suprematism\Alexander-Rodchenko_4.jpg","images\Suprematism\El-Lissitzky_0.jpg","images\Suprematism\El-Lissitzky_1.jpg","images\Suprematism\El-Lissitzky_3.jpg","images\Suprematism\El-Lissitzky_4.jpg","images\Surrealism\Alberto-Giacometti_1.jpg","images\Surrealism\Alberto-Giacometti_2.jpg","images\Surrealism\Alberto-Giacometti_4.jpg","images\Surrealism\Andre-Breton_1.jpg","images\Surrealism\Andre-Breton_2.jpg","images\Surrealism\Andre-Breton_4.jpg","images\Surrealism\Andre-Masson_0.jpg","images\Surrealism\Andre-Masson_1.jpg","images\Surrealism\Andre-Masson_2.jpg","images\Surrealism\Andre-Masson_3.jpg","images\Surrealism\Andre-Masson_4.jpg","images\Surrealism\Claude-Cahun_1.jpg","images\Surrealism\Claude-Cahun_2.jpg","images\Surrealism\Claude-Cahun_3.jpg","images\Surrealism\Claude-Cahun_4.jpg","images\Surrealism\Hans-Arp_0.jpg","images\Surrealism\Hans-Arp_1.jpg","images\Surrealism\Hans-Arp_2.jpg","images\Surrealism\Hans-Arp_3.jpg","images\Surrealism\Hans-Bellmer_0.jpg","images\Surrealism\Hans-Bellmer_1.jpg","images\Surrealism\Hans-Bellmer_2.jpg","images\Surrealism\Hans-Bellmer_3.jpg","images\Surrealism\Hans-Richter_0.jpg","images\Surrealism\Hans-Richter_1.jpg","images\Surrealism\Hans-Richter_2.jpg","images\Surrealism\Hans-Richter_3.jpg","images\Surrealism\Hans-Richter_4.jpg","images\Surrealism\Jean-Arp_0.jpg","images\Surrealism\Jean-Arp_1.jpg","images\Surrealism\Jean-Arp_2.jpg","images\Surrealism\Jean-Arp_3.jpg","images\Surrealism\Joan-Miro_0.jpg","images\Surrealism\Joan-Miro_1.jpg","images\Surrealism\Joan-Miro_2.jpg","images\Surrealism\Joan-Miro_3.jpg","images\Surrealism\Joan-Miro_4.jpg","images\Surrealism\Leonora-Carrington_0.jpg","images\Surrealism\Leonora-Carrington_1.jpg","images\Surrealism\Leonora-Carrington_2.jpg","images\Surrealism\Leonora-Carrington_3.jpg"
"images\Surrealism\Leonora-Carrington_4.jpg","images\Surrealism\Man-Ray_0.jpg","images\Surrealism\Man-Ray_1.jpg","images\Surrealism\Man-Ray_2.jpg","images\Surrealism\Man-Ray_4.jpg","images\Surrealism\Marc-Chagall_0.jpg","images\Surrealism\Marc-Chagall_1.jpg","images\Surrealism\Marc-Chagall_2.jpg","images\Surrealism\Marc-Chagall_3.jpg","images\Surrealism\Marc-Chagall_4.jpg","images\Surrealism\Max-Ernst_1.jpg","images\Surrealism\Max-Ernst_2.jpg","images\Surrealism\Max-Ernst_3.jpg","images\Surrealism\Max-Ernst_4.jpg","images\Surrealism\Meret-Oppenheim_0.jpg","images\Surrealism\Meret-Oppenheim_1.jpg","images\Surrealism\Meret-Oppenheim_2.jpg","images\Surrealism\Meret-Oppenheim_3.jpg","images\Surrealism\Meret-Oppenheim_4.jpg","images\Surrealism\Pablo-Picasso_0.jpg","images\Surrealism\Pablo-Picasso_1.jpg","images\Surrealism\Pablo-Picasso_3.jpg","images\Surrealism\Pablo-Picasso_4.jpg","images\Surrealism\Remedios-Varo_1.jpg","images\Surrealism\Remedios-Varo_2.jpg","images\Surrealism\Remedios-Varo_3.jpg","images\Surrealism\Remedios-Varo_4.jpg","images\Surrealism\Rene-Magritte_0.jpg","images\Surrealism\Rene-Magritte_1.jpg","images\Surrealism\Rene-Magritte_2.jpg","images\Surrealism\Rene-Magritte_3.jpg","images\Surrealism\Rene-Magritte_4.jpg","images\Surrealism\Salvador-Dali_0.jpg","images\Surrealism\Salvador-Dali_2.jpg","images\Surrealism\Salvador-Dali_3.jpg","images\Surrealism\Yves-Tanguy_0.jpg","images\Surrealism\Yves-Tanguy_1.jpg","images\Surrealism\Yves-Tanguy_2.jpg","images\Surrealism\Yves-Tanguy_3.jpg","images\Surrealism\Yves-Tanguy_4.jpg","images\Surrealist Film\Man-Ray_0.jpg","images\Surrealist Film\Man-Ray_1.jpg","images\Surrealist Film\Man-Ray_2.jpg","images\Surrealist Film\Man-Ray_4.jpg","images\Symbolism\Aubrey-Beardsley_0.jpg","images\Symbolism\Aubrey-Beardsley_2.jpg","images\Symbolism\Edvard-Munch_0.jpg","images\Symbolism\Edvard-Munch_1.jpg","images\Symbolism\Edvard-Munch_2.jpg","images\Symbolism\Edvard-Munch_3.jpg","images\Symbolism\Edvard-Munch_4.jpg","images\Symbolism\Gustave-Moreau_0.jpg","images\Symbolism\Gustave-Moreau_1.jpg","images\Symbolism\Gustave-Moreau_3.jpg","images\Symbolism\Gustave-Moreau_4.jpg","images\Symbolism\Henri-Rousseau_0.jpg","images\Symbolism\Henri-Rousseau_1.jpg","images\Symbolism\Henri-Rousseau_2.jpg","images\Symbolism\Henri-Rousseau_3.jpg","images\Symbolism\Henri-Rousseau_4.jpg","images\Symbolism\James-Ensor_0.jpg","images\Symbolism\James-Ensor_1.jpg","images\Symbolism\James-Ensor_2.jpg","images\Symbolism\James-Ensor_3.jpg"
"images\Symbolism\James-Ensor_4.jpg","images\Symbolism\Jan-Toorop_0.jpg","images\Symbolism\Jan-Toorop_1.jpg","images\Symbolism\Odilon-Redon_0.jpg","images\Symbolism\Odilon-Redon_1.jpg","images\Symbolism\Odilon-Redon_2.jpg","images\Symbolism\Odilon-Redon_3.jpg","images\Symbolism\Paul-Gauguin_1.jpg","images\Symbolism\Paul-Gauguin_2.jpg","images\Symbolism\Paul-Gauguin_3.jpg","images\Symbolism\Paul-Gauguin_4.jpg","images\Symbolism\Pierre-Bonnard_0.jpg","images\Symbolism\Pierre-Bonnard_1.jpg","images\Symbolism\Pierre-Bonnard_3.jpg","images\Symbolism\Pierre-Bonnard_4.jpg","images\Synchromism\Stanton-Macdonald-Wright_0.jpg","images\Synchromism\Stanton-Macdonald-Wright_2.jpg","images\Synchromism\Stanton-Macdonald-Wright_3.jpg","images\Synchromism\Stanton-Macdonald-Wright_4.jpg","images\Tachisme\Hans-Hartung_1.jpg","images\Tachisme\Hans-Hartung_2.jpg","images\Tachisme\Hans-Hartung_3.jpg","images\Tachisme\Hans-Hartung_4.jpg","images\Tachisme\Jean-Dubuffet_0.jpg","images\Tachisme\Jean-Dubuffet_1.jpg","images\Tachisme\Jean-Dubuffet_3.jpg","images\Tachisme\Jean-Dubuffet_4.jpg","images\Tachisme\Pierre-Soulages_0.jpg","images\Tachisme\Pierre-Soulages_1.jpg","images\Tachisme\Pierre-Soulages_2.jpg","images\The International Style\Philip-Johnson_0.jpg","images\The International Style\Philip-Johnson_1.jpg","images\The International Style\Philip-Johnson_2.jpg","images\The International Style\Philip-Johnson_3.jpg","images\The International Style\Philip-Johnson_4.jpg","images\The Pictures Generation\Barbara-Kruger_0.jpg","images\The Pictures Generation\Barbara-Kruger_1.jpg","images\The Pictures Generation\Barbara-Kruger_2.jpg","images\The Pictures Generation\Barbara-Kruger_3.jpg","images\The Pictures Generation\Barbara-Kruger_4.jpg","images\The Pictures Generation\Cindy-Sherman_0.jpg","images\The Pictures Generation\Cindy-Sherman_1.jpg","images\The Pictures Generation\Cindy-Sherman_2.jpg","images\The Pictures Generation\Cindy-Sherman_3.jpg","images\The Pictures Generation\Jack-Goldstein_0.jpg","images\The Pictures Generation\Jack-Goldstein_1.jpg","images\The Pictures Generation\Jack-Goldstein_3.jpg","images\The Pictures Generation\Jack-Goldstein_4.jpg","images\The Pictures Generation\John-Baldessari_0.jpg","images\The Pictures Generation\John-Baldessari_1.jpg","images\The Pictures Generation\John-Baldessari_2.jpg","images\The Pictures Generation\John-Baldessari_3.jpg","images\The Pictures Generation\John-Baldessari_4.jpg","images\The Pictures Generation\Richard-Prince_0.jpg","images\The Pictures Generation\Richard-Prince_3.jpg","images\The Pictures Generation\Richard-Prince_4.jpg","images\The Pictures Generation\Robert-Longo_0.jpg","images\The Pictures Generation\Robert-Longo_1.jpg","images\The Pictures Generation\Robert-Longo_2.jpg","images\The Pictures Generation\Robert-Longo_3.jpg","images\The Pictures Generation\Robert-Longo_4.jpg","images\The Pictures Generation\Sherrie-Levine_0.jpg","images\The Pictures Generation\Sherrie-Levine_1.jpg","images\The Pictures Generation\Sherrie-Levine_2.jpg"
"images\The Pictures Generation\Sherrie-Levine_3.jpg","images\The Pictures Generation\Sherrie-Levine_4.jpg","images\Tonalism\Edward-Steichen_0.jpg","images\Tonalism\Edward-Steichen_1.jpg","images\Tonalism\Edward-Steichen_2.jpg","images\Tonalism\Edward-Steichen_3.jpg","images\Tonalism\Edward-Steichen_4.jpg","images\Tonalism\George-Inness_0.jpg","images\Tonalism\George-Inness_1.jpg","images\Tonalism\George-Inness_2.jpg","images\Tonalism\George-Inness_3.jpg","images\Tonalism\George-Inness_4.jpg","images\Transavanguardia\Enzo-Cucchi_0.jpg","images\Transavanguardia\Enzo-Cucchi_1.jpg","images\Transavanguardia\Enzo-Cucchi_2.jpg","images\Transavanguardia\Enzo-Cucchi_3.jpg","images\Transavanguardia\Enzo-Cucchi_4.jpg","images\Transavanguardia\Francesco-Clemente_0.jpg","images\Transavanguardia\Francesco-Clemente_1.jpg","images\Transavanguardia\Francesco-Clemente_2.jpg","images\Transavanguardia\Francesco-Clemente_3.jpg","images\Transavanguardia\Francesco-Clemente_4.jpg","images\Transavanguardia\Mimmo-Paladino_1.jpg","images\Transavanguardia\Mimmo-Paladino_3.jpg","images\Transavanguardia\Mimmo-Paladino_4.jpg","images\Transavanguardia\Sandro-Chia_0.jpg","images\Transavanguardia\Sandro-Chia_2.jpg","images\Transavanguardia\Sandro-Chia_3.jpg","images\Video art\Bill-Viola_0.jpg","images\Video art\Bill-Viola_1.jpg","images\Video art\Bill-Viola_2.jpg","images\Video art\Bill-Viola_3.jpg","images\Video art\Joseph-Beuys_0.jpg","images\Video art\Joseph-Beuys_2.jpg","images\Video art\Joseph-Beuys_3.jpg","images\Video art\Joseph-Beuys_4.jpg","images\Video art\Wolf-Vostell_0.jpg","images\Video art\Wolf-Vostell_2.jpg","images\Video art\Wolf-Vostell_3.jpg","images\Video art\Wolf-Vostell_4.jpg","images\Viennese Actionism\Gunter-Brus_0.jpg","images\Viennese Actionism\Gunter-Brus_1.jpg","images\Viennese Actionism\Gunter-Brus_2.jpg","images\Viennese Actionism\Gunter-Brus_3.jpg","images\Viennese Actionism\Gunter-Brus_4.jpg","images\Viennese Actionism\Hermann-Nitsch_0.jpg","images\Viennese Actionism\Hermann-Nitsch_1.jpg","images\Viennese Actionism\Hermann-Nitsch_2.jpg","images\Viennese Actionism\Hermann-Nitsch_3.jpg","images\Viennese Actionism\Hermann-Nitsch_4.jpg","images\Viennese Actionism\Otto-Muehl_0.jpg","images\Viennese Actionism\Otto-Muehl_1.jpg","images\Viennese Actionism\Otto-Muehl_2.jpg","images\Viennese Actionism\Otto-Muehl_3.jpg","images\Viennese Actionism\Otto-Muehl_4.jpg","images\Viennese Actionism\Rudolf-Schwarzkogler_0.jpg","images\Viennese Actionism\Rudolf-Schwarzkogler_1.jpg","images\Viennese Actionism\Rudolf-Schwarzkogler_2.jpg","images\Viennese Actionism\Rudolf-Schwarzkogler_3.jpg","images\Viennese Actionism\Rudolf-Schwarzkogler_4.jpg","images\Viennese Actionism\VALIE-EXPORT_0.jpg","images\Viennese Actionism\VALIE-EXPORT_1.jpg","images\Viennese Actionism\VALIE-EXPORT_2.jpg","images\Viennese Actionism\VALIE-EXPORT_3.jpg"
"images\Viennese Actionism\VALIE-EXPORT_4.jpg","images\Visionary art\Michael-Bowen_0.jpg","images\Visionary art\Michael-Bowen_1.jpg","images\Visionary art\Michael-Bowen_3.jpg","images\Visionary art\Michael-Bowen_4.jpg","images\Visionary art\Paul-Laffoley_0.jpg","images\Visionary art\Paul-Laffoley_1.jpg","images\Visionary art\Paul-Laffoley_2.jpg","images\Visionary art\Paul-Laffoley_3.jpg","images\Visionary art\Paul-Laffoley_4.jpg","images\Vorticism\David-Bomberg_0.jpg","images\Vorticism\David-Bomberg_1.jpg","images\Vorticism\David-Bomberg_2.jpg","images\Vorticism\David-Bomberg_3.jpg","images\Vorticism\Henri-Gaudier-Brzeska_0.jpg","images\Vorticism\Henri-Gaudier-Brzeska_1.jpg","images\Vorticism\Henri-Gaudier-Brzeska_2.jpg","images\Vorticism\Henri-Gaudier-Brzeska_3.jpg","images\Washington Color School\Anne-Truitt_0.jpg","images\Washington Color School\Anne-Truitt_2.jpg","images\Washington Color School\Anne-Truitt_3.jpg","images\Washington Color School\Anne-Truitt_4.jpg","images\Washington Color School\Gene-Davis_0.jpg","images\Washington Color School\Gene-Davis_2.jpg","images\Washington Color School\Gene-Davis_3.jpg","images\Washington Color School\Gene-Davis_4.jpg","images\Washington Color School\Kenneth-Noland_0.jpg","images\Washington Color School\Kenneth-Noland_1.jpg","images\Washington Color School\Kenneth-Noland_2.jpg","images\Washington Color School\Kenneth-Noland_3.jpg","images\Washington Color School\Kenneth-Noland_4.jpg","images\Washington Color School\Morris-Louis_0.jpg","images\Washington Color School\Morris-Louis_1.jpg","images\Washington Color School\Morris-Louis_3.jpg","images\Washington Color School\Morris-Louis_4.jpg","images\Washington Color School\Sam-Gilliam_1.jpg","images\Washington Color School\Sam-Gilliam_3.jpg","images\Washington Color School\Sam-Gilliam_4.jpg"
